firm,level,amount,medianPercent,diffMedian
GR1,1,0.18,0.2,-0.020000000000000018
PT10,1,0,0.2,-0.2
TL13,1,0.32,0.2,0.12
PT5,1,0.33,0.2,0.13
PB7,1,0.1,0.2,-0.1
PT11,1,0.32,0.2,0.12
AR2,1,0.2,0.2,0
TR7,1,0.3,0.2,0.09999999999999998
TR2,1,0,0.2,-0.2
AR6,1,0.4,0.2,0.2
TR8,1,0.18,0.2,-0.020000000000000018
AB5,1,0.3,0.2,0.09999999999999998
PB14,1,0.3,0.2,0.09999999999999998
AR7,1,0.2,0.2,0
TB6,1,0.2,0.2,0
TL9,1,0.2,0.2,0
PB8,1,0.2,0.2,0
PT3,1,0,0.2,-0.2
TT7,1,0.29,0.2,0.08999999999999997
GB1,1,0.15,0.2,-0.05000000000000002
GT1,1,0.19,0.2,-0.010000000000000009
GL1,1,0.25,0.2,0.04999999999999999
TL7,1,0.36,0.2,0.15999999999999998
AB6,1,0.35,0.2,0.14999999999999997
AB4,1,0.35,0.2,0.14999999999999997
PT12,1,0.2,0.2,0
AT7,1,0.19,0.2,-0.010000000000000009
AB3,1,0.2,0.2,0
PT13,1,0.36,0.2,0.15999999999999998
AB7,1,0.26,0.2,0.06
TL5,1,0.2,0.2,0
AT6,1,0,0.2,-0.2
PR3,1,0,0.2,-0.2
PR2,1,0.25,0.2,0.04999999999999999
AT3,1,0.29,0.2,0.08999999999999997
TL14,1,0.26,0.2,0.06
PR1,1,0,0.2,-0.2
PB1,1,0,0.2,-0.2
PB6,1,0.25,0.2,0.04999999999999999
AL3,1,0,0.2,-0.2
AT2,1,0.2,0.2,0
AR3,1,0.28,0.2,0.08000000000000002
PB3,1,0.2,0.2,0
PR4,1,0.38,0.2,0.18
AB2,1,0,0.2,-0.2
AT1,1,0,0.2,-0.2
TB5,1,0,0.2,-0.2
AT5,1,0,0.2,-0.2
TB7,1,0.4,0.2,0.2
PB9,1,0.2,0.2,0
W,1,0.28,0.2,0.08000000000000002
GR1,1e5,0.18,0.25,-0.07
PT10,1e5,0.39,0.25,0.14
TL13,1e5,0.32,0.25,0.07
PT5,1e5,0.33,0.25,0.08000000000000002
PB7,1e5,0.1,0.25,-0.15
PT11,1e5,0.32,0.25,0.07
AR2,1e5,0.2,0.25,-0.04999999999999999
TR7,1e5,0.3,0.25,0.04999999999999999
TR2,1e5,0.1,0.25,-0.15
AR6,1e5,0.4,0.25,0.15000000000000002
TR8,1e5,0.18,0.25,-0.07
AB5,1e5,0.3,0.25,0.04999999999999999
PB14,1e5,0.3,0.25,0.04999999999999999
AR7,1e5,0.2,0.25,-0.04999999999999999
TB6,1e5,0.2,0.25,-0.04999999999999999
TL9,1e5,0.2,0.25,-0.04999999999999999
PB8,1e5,0.2,0.25,-0.04999999999999999
PT3,1e5,0,0.25,-0.25
TT7,1e5,0.29,0.25,0.03999999999999998
GB1,1e5,0.15,0.25,-0.1
GT1,1e5,0.19,0.25,-0.06
GL1,1e5,0.25,0.25,0
TL7,1e5,0.36,0.25,0.10999999999999999
AB6,1e5,0.35,0.25,0.09999999999999998
AB4,1e5,0.35,0.25,0.09999999999999998
PT12,1e5,0.29,0.25,0.03999999999999998
AT7,1e5,0.19,0.25,-0.06
AB3,1e5,0.2,0.25,-0.04999999999999999
PT13,1e5,0.36,0.25,0.10999999999999999
AB7,1e5,0.26,0.25,0.010000000000000009
TL5,1e5,0.2,0.25,-0.04999999999999999
AT6,1e5,0,0.25,-0.25
PR3,1e5,0,0.25,-0.25
PR2,1e5,0.25,0.25,0
AT3,1e5,0.29,0.25,0.03999999999999998
TL14,1e5,0.26,0.25,0.010000000000000009
PR1,1e5,0,0.25,-0.25
PB1,1e5,0.05,0.25,-0.2
PB6,1e5,0.25,0.25,0
AL3,1e5,0,0.25,-0.25
AT2,1e5,0.2,0.25,-0.04999999999999999
AR3,1e5,0.28,0.25,0.030000000000000027
PB3,1e5,0.2,0.25,-0.04999999999999999
PR4,1e5,0.38,0.25,0.13
AB2,1e5,0.3,0.25,0.04999999999999999
AT1,1e5,0,0.25,-0.25
TB5,1e5,0,0.25,-0.25
AT5,1e5,0,0.25,-0.25
TB7,1e5,0.4,0.25,0.15000000000000002
PB9,1e5,0.3,0.25,0.04999999999999999
W,1e5,0.28,0.25,0.030000000000000027
GR1,125e3,0.18,0.25,-0.07
PT10,125e3,0.39,0.25,0.14
TL13,125e3,0.32,0.25,0.07
PT5,125e3,0.33,0.25,0.08000000000000002
PB7,125e3,0.1,0.25,-0.15
PT11,125e3,0.32,0.25,0.07
AR2,125e3,0.2,0.25,-0.04999999999999999
TR7,125e3,0.3,0.25,0.04999999999999999
TR2,125e3,0.15,0.25,-0.1
AR6,125e3,0.4,0.25,0.15000000000000002
TR8,125e3,0.18,0.25,-0.07
AB5,125e3,0.3,0.25,0.04999999999999999
PB14,125e3,0.3,0.25,0.04999999999999999
AR7,125e3,0.25,0.25,0
TB6,125e3,0.2,0.25,-0.04999999999999999
TL9,125e3,0.2,0.25,-0.04999999999999999
PB8,125e3,0.2,0.25,-0.04999999999999999
PT3,125e3,0,0.25,-0.25
TT7,125e3,0.29,0.25,0.03999999999999998
GB1,125e3,0.15,0.25,-0.1
GT1,125e3,0.19,0.25,-0.06
GL1,125e3,0.25,0.25,0
TL7,125e3,0.36,0.25,0.10999999999999999
AB6,125e3,0.35,0.25,0.09999999999999998
AB4,125e3,0.35,0.25,0.09999999999999998
PT12,125e3,0.29,0.25,0.03999999999999998
AT7,125e3,0.19,0.25,-0.06
AB3,125e3,0.2,0.25,-0.04999999999999999
PT13,125e3,0.36,0.25,0.10999999999999999
AB7,125e3,0.26,0.25,0.010000000000000009
TL5,125e3,0.2,0.25,-0.04999999999999999
AT6,125e3,0,0.25,-0.25
PR3,125e3,0,0.25,-0.25
PR2,125e3,0.25,0.25,0
AT3,125e3,0.29,0.25,0.03999999999999998
TL14,125e3,0.31,0.25,0.06
PR1,125e3,0,0.25,-0.25
PB1,125e3,0.05,0.25,-0.2
PB6,125e3,0.25,0.25,0
AL3,125e3,0,0.25,-0.25
AT2,125e3,0.2,0.25,-0.04999999999999999
AR3,125e3,0.33,0.25,0.08000000000000002
PB3,125e3,0.2,0.25,-0.04999999999999999
PR4,125e3,0.38,0.25,0.13
AB2,125e3,0.3,0.25,0.04999999999999999
AT1,125e3,0,0.25,-0.25
TB5,125e3,0,0.25,-0.25
AT5,125e3,0,0.25,-0.25
TB7,125e3,0.4,0.25,0.15000000000000002
PB9,125e3,0.4,0.25,0.15000000000000002
W,125e3,0.28,0.25,0.030000000000000027
GR1,15e4,0.22,0.25,-0.03
PT10,15e4,0.39,0.25,0.14
TL13,15e4,0.32,0.25,0.07
PT5,15e4,0.33,0.25,0.08000000000000002
PB7,15e4,0.1,0.25,-0.15
PT11,15e4,0.32,0.25,0.07
AR2,15e4,0.2,0.25,-0.04999999999999999
TR7,15e4,0.3,0.25,0.04999999999999999
TR2,15e4,0.2,0.25,-0.04999999999999999
AR6,15e4,0.4,0.25,0.15000000000000002
TR8,15e4,0.18,0.25,-0.07
AB5,15e4,0.3,0.25,0.04999999999999999
PB14,15e4,0.3,0.25,0.04999999999999999
AR7,15e4,0.25,0.25,0
TB6,15e4,0.2,0.25,-0.04999999999999999
TL9,15e4,0.2,0.25,-0.04999999999999999
PB8,15e4,0.2,0.25,-0.04999999999999999
PT3,15e4,0,0.25,-0.25
TT7,15e4,0.29,0.25,0.03999999999999998
GB1,15e4,0.15,0.25,-0.1
GT1,15e4,0.19,0.25,-0.06
GL1,15e4,0.25,0.25,0
TL7,15e4,0.36,0.25,0.10999999999999999
AB6,15e4,0.35,0.25,0.09999999999999998
AB4,15e4,0.35,0.25,0.09999999999999998
PT12,15e4,0.29,0.25,0.03999999999999998
AT7,15e4,0.19,0.25,-0.06
AB3,15e4,0.2,0.25,-0.04999999999999999
PT13,15e4,0.36,0.25,0.10999999999999999
AB7,15e4,0.26,0.25,0.010000000000000009
TL5,15e4,0.25,0.25,0
AT6,15e4,0,0.25,-0.25
PR3,15e4,0,0.25,-0.25
PR2,15e4,0.25,0.25,0
AT3,15e4,0.29,0.25,0.03999999999999998
TL14,15e4,0.31,0.25,0.06
PR1,15e4,0,0.25,-0.25
PB1,15e4,0.1,0.25,-0.15
PB6,15e4,0.28,0.25,0.030000000000000027
AL3,15e4,0,0.25,-0.25
AT2,15e4,0.2,0.25,-0.04999999999999999
AR3,15e4,0.33,0.25,0.08000000000000002
PB3,15e4,0.2,0.25,-0.04999999999999999
PR4,15e4,0.38,0.25,0.13
AB2,15e4,0.3,0.25,0.04999999999999999
AT1,15e4,0.04,0.25,-0.21
TB5,15e4,0,0.25,-0.25
AT5,15e4,0,0.25,-0.25
TB7,15e4,0.4,0.25,0.15000000000000002
PB9,15e4,0.4,0.25,0.15000000000000002
W,15e4,0.28,0.25,0.030000000000000027
GR1,175e3,0.22,0.25,-0.03
PT10,175e3,0.39,0.25,0.14
TL13,175e3,0.32,0.25,0.07
PT5,175e3,0.36,0.25,0.10999999999999999
PB7,175e3,0.1,0.25,-0.15
PT11,175e3,0.32,0.25,0.07
AR2,175e3,0.2,0.25,-0.04999999999999999
TR7,175e3,0.3,0.25,0.04999999999999999
TR2,175e3,0.2,0.25,-0.04999999999999999
AR6,175e3,0.4,0.25,0.15000000000000002
TR8,175e3,0.18,0.25,-0.07
AB5,175e3,0.35,0.25,0.09999999999999998
PB14,175e3,0.3,0.25,0.04999999999999999
AR7,175e3,0.25,0.25,0
TB6,175e3,0.2,0.25,-0.04999999999999999
TL9,175e3,0.2,0.25,-0.04999999999999999
PB8,175e3,0.2,0.25,-0.04999999999999999
PT3,175e3,0,0.25,-0.25
TT7,175e3,0.29,0.25,0.03999999999999998
GB1,175e3,0.15,0.25,-0.1
GT1,175e3,0.19,0.25,-0.06
GL1,175e3,0.25,0.25,0
TL7,175e3,0.36,0.25,0.10999999999999999
AB6,175e3,0.35,0.25,0.09999999999999998
AB4,175e3,0.35,0.25,0.09999999999999998
PT12,175e3,0.29,0.25,0.03999999999999998
AT7,175e3,0.19,0.25,-0.06
AB3,175e3,0.2,0.25,-0.04999999999999999
PT13,175e3,0.36,0.25,0.10999999999999999
AB7,175e3,0.26,0.25,0.010000000000000009
TL5,175e3,0.25,0.25,0
AT6,175e3,0.16,0.25,-0.09
PR3,175e3,0,0.25,-0.25
PR2,175e3,0.25,0.25,0
AT3,175e3,0.29,0.25,0.03999999999999998
TL14,175e3,0.31,0.25,0.06
PR1,175e3,0.15,0.25,-0.1
PB1,175e3,0.1,0.25,-0.15
PB6,175e3,0.28,0.25,0.030000000000000027
AL3,175e3,0,0.25,-0.25
AT2,175e3,0.2,0.25,-0.04999999999999999
AR3,175e3,0.33,0.25,0.08000000000000002
PB3,175e3,0.2,0.25,-0.04999999999999999
PR4,175e3,0.38,0.25,0.13
AB2,175e3,0.3,0.25,0.04999999999999999
AT1,175e3,0.04,0.25,-0.21
TB5,175e3,0.25,0.25,0
AT5,175e3,0,0.25,-0.25
TB7,175e3,0.4,0.25,0.15000000000000002
PB9,175e3,0.4,0.25,0.15000000000000002
W,175e3,0.28,0.25,0.030000000000000027
GR1,2e5,0.22,0.27,-0.05000000000000002
PT10,2e5,0.39,0.27,0.12
TL13,2e5,0.32,0.27,0.04999999999999999
PT5,2e5,0.36,0.27,0.08999999999999997
PB7,2e5,0.1,0.27,-0.17
PT11,2e5,0.32,0.27,0.04999999999999999
AR2,2e5,0.2,0.27,-0.07
TR7,2e5,0.3,0.27,0.02999999999999997
TR2,2e5,0.25,0.27,-0.020000000000000018
AR6,2e5,0.4,0.27,0.13
TR8,2e5,0.19,0.27,-0.08000000000000002
AB5,2e5,0.35,0.27,0.07999999999999996
PB14,2e5,0.3,0.27,0.02999999999999997
AR7,2e5,0.25,0.27,-0.020000000000000018
TB6,2e5,0.24,0.27,-0.030000000000000027
TL9,2e5,0.2,0.27,-0.07
PB8,2e5,0.3,0.27,0.02999999999999997
PT3,2e5,0.09,0.27,-0.18000000000000002
TT7,2e5,0.31,0.27,0.03999999999999998
GB1,2e5,0.15,0.27,-0.12000000000000002
GT1,2e5,0.22,0.27,-0.05000000000000002
GL1,2e5,0.25,0.27,-0.020000000000000018
TL7,2e5,0.36,0.27,0.08999999999999997
AB6,2e5,0.35,0.27,0.07999999999999996
AB4,2e5,0.35,0.27,0.07999999999999996
PT12,2e5,0.29,0.27,0.019999999999999962
AT7,2e5,0.19,0.27,-0.08000000000000002
AB3,2e5,0.2,0.27,-0.07
PT13,2e5,0.37,0.27,0.09999999999999998
AB7,2e5,0.26,0.27,-0.010000000000000009
TL5,2e5,0.25,0.27,-0.020000000000000018
AT6,2e5,0.27,0.27,0
PR3,2e5,0,0.27,-0.27
PR2,2e5,0.25,0.27,-0.020000000000000018
AT3,2e5,0.29,0.27,0.019999999999999962
TL14,2e5,0.31,0.27,0.03999999999999998
PR1,2e5,0.2,0.27,-0.07
PB1,2e5,0.13,0.27,-0.14
PB6,2e5,0.33,0.27,0.06
AL3,2e5,0.2,0.27,-0.07
AT2,2e5,0.28,0.27,0.010000000000000009
AR3,2e5,0.33,0.27,0.06
PB3,2e5,0.23,0.27,-0.04000000000000001
PR4,2e5,0.38,0.27,0.10999999999999999
AB2,2e5,0.3,0.27,0.02999999999999997
AT1,2e5,0.09,0.27,-0.18000000000000002
TB5,2e5,0.25,0.27,-0.020000000000000018
AT5,2e5,0,0.27,-0.27
TB7,2e5,0.4,0.27,0.13
PB9,2e5,0.4,0.27,0.13
W,2e5,0.28,0.27,0.010000000000000009
GR1,225e3,0.22,0.27,-0.05000000000000002
PT10,225e3,0.39,0.27,0.12
TL13,225e3,0.32,0.27,0.04999999999999999
PT5,225e3,0.36,0.27,0.08999999999999997
PB7,225e3,0.1,0.27,-0.17
PT11,225e3,0.37,0.27,0.09999999999999998
AR2,225e3,0.2,0.27,-0.07
TR7,225e3,0.3,0.27,0.02999999999999997
TR2,225e3,0.25,0.27,-0.020000000000000018
AR6,225e3,0.4,0.27,0.13
TR8,225e3,0.19,0.27,-0.08000000000000002
AB5,225e3,0.38,0.27,0.10999999999999999
PB14,225e3,0.3,0.27,0.02999999999999997
AR7,225e3,0.25,0.27,-0.020000000000000018
TB6,225e3,0.24,0.27,-0.030000000000000027
TL9,225e3,0.2,0.27,-0.07
PB8,225e3,0.3,0.27,0.02999999999999997
PT3,225e3,0.09,0.27,-0.18000000000000002
TT7,225e3,0.31,0.27,0.03999999999999998
GB1,225e3,0.15,0.27,-0.12000000000000002
GT1,225e3,0.25,0.27,-0.020000000000000018
GL1,225e3,0.25,0.27,-0.020000000000000018
TL7,225e3,0.36,0.27,0.08999999999999997
AB6,225e3,0.35,0.27,0.07999999999999996
AB4,225e3,0.35,0.27,0.07999999999999996
PT12,225e3,0.29,0.27,0.019999999999999962
AT7,225e3,0.19,0.27,-0.08000000000000002
AB3,225e3,0.2,0.27,-0.07
PT13,225e3,0.37,0.27,0.09999999999999998
AB7,225e3,0.26,0.27,-0.010000000000000009
TL5,225e3,0.25,0.27,-0.020000000000000018
AT6,225e3,0.27,0.27,0
PR3,225e3,0,0.27,-0.27
PR2,225e3,0.25,0.27,-0.020000000000000018
AT3,225e3,0.29,0.27,0.019999999999999962
TL14,225e3,0.31,0.27,0.03999999999999998
PR1,225e3,0.25,0.27,-0.020000000000000018
PB1,225e3,0.13,0.27,-0.14
PB6,225e3,0.33,0.27,0.06
AL3,225e3,0.25,0.27,-0.020000000000000018
AT2,225e3,0.28,0.27,0.010000000000000009
AR3,225e3,0.33,0.27,0.06
PB3,225e3,0.23,0.27,-0.04000000000000001
PR4,225e3,0.38,0.27,0.10999999999999999
AB2,225e3,0.34,0.27,0.07
AT1,225e3,0.13,0.27,-0.14
TB5,225e3,0.25,0.27,-0.020000000000000018
AT5,225e3,0,0.27,-0.27
TB7,225e3,0.4,0.27,0.13
PB9,225e3,0.4,0.27,0.13
W,225e3,0.28,0.27,0.010000000000000009
GR1,24e4,0.22,0.28,-0.060000000000000026
PT10,24e4,0.39,0.28,0.10999999999999999
TL13,24e4,0.32,0.28,0.03999999999999998
PT5,24e4,0.36,0.28,0.07999999999999996
PB7,24e4,0.15,0.28,-0.13000000000000003
PT11,24e4,0.37,0.28,0.08999999999999997
AR2,24e4,0.2,0.28,-0.08000000000000002
TR7,24e4,0.3,0.28,0.019999999999999962
TR2,24e4,0.25,0.28,-0.030000000000000027
AR6,24e4,0.4,0.28,0.12
TR8,24e4,0.19,0.28,-0.09000000000000002
AB5,24e4,0.38,0.28,0.09999999999999998
PB14,24e4,0.3,0.28,0.019999999999999962
AR7,24e4,0.35,0.28,0.06999999999999995
TB6,24e4,0.28,0.28,0
TL9,24e4,0.25,0.28,-0.030000000000000027
PB8,24e4,0.3,0.28,0.019999999999999962
PT3,24e4,0.09,0.28,-0.19000000000000003
TT7,24e4,0.31,0.28,0.02999999999999997
GB1,24e4,0.15,0.28,-0.13000000000000003
GT1,24e4,0.25,0.28,-0.030000000000000027
GL1,24e4,0.25,0.28,-0.030000000000000027
TL7,24e4,0.36,0.28,0.07999999999999996
AB6,24e4,0.35,0.28,0.06999999999999995
AB4,24e4,0.35,0.28,0.06999999999999995
PT12,24e4,0.29,0.28,0.009999999999999953
AT7,24e4,0.19,0.28,-0.09000000000000002
AB3,24e4,0.2,0.28,-0.08000000000000002
PT13,24e4,0.37,0.28,0.08999999999999997
AB7,24e4,0.26,0.28,-0.020000000000000018
TL5,24e4,0.25,0.28,-0.030000000000000027
AT6,24e4,0.27,0.28,-0.010000000000000009
PR3,24e4,0,0.28,-0.28
PR2,24e4,0.25,0.28,-0.030000000000000027
AT3,24e4,0.29,0.28,0.009999999999999953
TL14,24e4,0.34,0.28,0.06
PR1,24e4,0.32,0.28,0.03999999999999998
PB1,24e4,0.13,0.28,-0.15000000000000002
PB6,24e4,0.33,0.28,0.04999999999999999
AL3,24e4,0.25,0.28,-0.030000000000000027
AT2,24e4,0.28,0.28,0
AR3,24e4,0.36,0.28,0.07999999999999996
PB3,24e4,0.23,0.28,-0.05000000000000002
PR4,24e4,0.38,0.28,0.09999999999999998
AB2,24e4,0.34,0.28,0.06
AT1,24e4,0.17,0.28,-0.11000000000000001
TB5,24e4,0.25,0.28,-0.030000000000000027
AT5,24e4,0,0.28,-0.28
TB7,24e4,0.4,0.28,0.12
PB9,24e4,0.4,0.28,0.12
W,24e4,0.32,0.28,0.03999999999999998
GR1,25e4,0.22,0.3,-0.07999999999999999
PT10,25e4,0.39,0.3,0.09000000000000002
TL13,25e4,0.32,0.3,0.020000000000000018
PT5,25e4,0.39,0.3,0.09000000000000002
PB7,25e4,0.15,0.3,-0.15
PT11,25e4,0.37,0.3,0.07
AR2,25e4,0.25,0.3,-0.04999999999999999
TR7,25e4,0.34,0.3,0.040000000000000036
TR2,25e4,0.25,0.3,-0.04999999999999999
AR6,25e4,0.4,0.3,0.10000000000000003
TR8,25e4,0.2,0.3,-0.09999999999999998
AB5,25e4,0.38,0.3,0.08000000000000002
PB14,25e4,0.3,0.3,0
AR7,25e4,0.35,0.3,0.04999999999999999
TB6,25e4,0.28,0.3,-0.019999999999999962
TL9,25e4,0.25,0.3,-0.04999999999999999
PB8,25e4,0.3,0.3,0
PT3,25e4,0.18,0.3,-0.12
TT7,25e4,0.33,0.3,0.030000000000000027
GB1,25e4,0.18,0.3,-0.12
GT1,25e4,0.25,0.3,-0.04999999999999999
GL1,25e4,0.25,0.3,-0.04999999999999999
TL7,25e4,0.36,0.3,0.06
AB6,25e4,0.35,0.3,0.04999999999999999
AB4,25e4,0.35,0.3,0.04999999999999999
PT12,25e4,0.32,0.3,0.020000000000000018
AT7,25e4,0.19,0.3,-0.10999999999999999
AB3,25e4,0.2,0.3,-0.09999999999999998
PT13,25e4,0.37,0.3,0.07
AB7,25e4,0.26,0.3,-0.03999999999999998
TL5,25e4,0.3,0.3,0
AT6,25e4,0.32,0.3,0.020000000000000018
PR3,25e4,0,0.3,-0.3
PR2,25e4,0.25,0.3,-0.04999999999999999
AT3,25e4,0.32,0.3,0.020000000000000018
TL14,25e4,0.34,0.3,0.040000000000000036
PR1,25e4,0.32,0.3,0.020000000000000018
PB1,25e4,0.14,0.3,-0.15999999999999998
PB6,25e4,0.35,0.3,0.04999999999999999
AL3,25e4,0.25,0.3,-0.04999999999999999
AT2,25e4,0.31,0.3,0.010000000000000009
AR3,25e4,0.36,0.3,0.06
PB3,25e4,0.26,0.3,-0.03999999999999998
PR4,25e4,0.38,0.3,0.08000000000000002
AB2,25e4,0.34,0.3,0.040000000000000036
AT1,25e4,0.17,0.3,-0.12999999999999998
TB5,25e4,0.25,0.3,-0.04999999999999999
AT5,25e4,0,0.3,-0.3
TB7,25e4,0.4,0.3,0.10000000000000003
PB9,25e4,0.4,0.3,0.10000000000000003
W,25e4,0.32,0.3,0.020000000000000018
GR1,275e3,0.22,0.3,-0.07999999999999999
PT10,275e3,0.39,0.3,0.09000000000000002
TL13,275e3,0.32,0.3,0.020000000000000018
PT5,275e3,0.39,0.3,0.09000000000000002
PB7,275e3,0.15,0.3,-0.15
PT11,275e3,0.37,0.3,0.07
AR2,275e3,0.25,0.3,-0.04999999999999999
TR7,275e3,0.34,0.3,0.040000000000000036
TR2,275e3,0.25,0.3,-0.04999999999999999
AR6,275e3,0.4,0.3,0.10000000000000003
TR8,275e3,0.2,0.3,-0.09999999999999998
AB5,275e3,0.4,0.3,0.10000000000000003
PB14,275e3,0.3,0.3,0
AR7,275e3,0.35,0.3,0.04999999999999999
TB6,275e3,0.28,0.3,-0.019999999999999962
TL9,275e3,0.25,0.3,-0.04999999999999999
PB8,275e3,0.3,0.3,0
PT3,275e3,0.18,0.3,-0.12
TT7,275e3,0.33,0.3,0.030000000000000027
GB1,275e3,0.18,0.3,-0.12
GT1,275e3,0.29,0.3,-0.010000000000000009
GL1,275e3,0.25,0.3,-0.04999999999999999
TL7,275e3,0.36,0.3,0.06
AB6,275e3,0.35,0.3,0.04999999999999999
AB4,275e3,0.35,0.3,0.04999999999999999
PT12,275e3,0.32,0.3,0.020000000000000018
AT7,275e3,0.19,0.3,-0.10999999999999999
AB3,275e3,0.2,0.3,-0.09999999999999998
PT13,275e3,0.37,0.3,0.07
AB7,275e3,0.26,0.3,-0.03999999999999998
TL5,275e3,0.3,0.3,0
AT6,275e3,0.32,0.3,0.020000000000000018
PR3,275e3,0,0.3,-0.3
PR2,275e3,0.3,0.3,0
AT3,275e3,0.32,0.3,0.020000000000000018
TL14,275e3,0.34,0.3,0.040000000000000036
PR1,275e3,0.33,0.3,0.030000000000000027
PB1,275e3,0.14,0.3,-0.15999999999999998
PB6,275e3,0.35,0.3,0.04999999999999999
AL3,275e3,0.3,0.3,0
AT2,275e3,0.31,0.3,0.010000000000000009
AR3,275e3,0.36,0.3,0.06
PB3,275e3,0.26,0.3,-0.03999999999999998
PR4,275e3,0.38,0.3,0.08000000000000002
AB2,275e3,0.34,0.3,0.040000000000000036
AT1,275e3,0.19,0.3,-0.10999999999999999
TB5,275e3,0.25,0.3,-0.04999999999999999
AT5,275e3,0,0.3,-0.3
TB7,275e3,0.4,0.3,0.10000000000000003
PB9,275e3,0.4,0.3,0.10000000000000003
W,275e3,0.32,0.3,0.020000000000000018
GR1,3e5,0.29,0.32,-0.030000000000000027
PT10,3e5,0.39,0.32,0.07
TL13,3e5,0.34,0.32,0.020000000000000018
PT5,3e5,0.39,0.32,0.07
PB7,3e5,0.2,0.32,-0.12
PT11,3e5,0.37,0.32,0.04999999999999999
AR2,3e5,0.28,0.32,-0.03999999999999998
TR7,3e5,0.34,0.32,0.020000000000000018
TR2,3e5,0.25,0.32,-0.07
AR6,3e5,0.4,0.32,0.08000000000000002
TR8,3e5,0.22,0.32,-0.1
AB5,3e5,0.42,0.32,0.09999999999999998
PB14,3e5,0.3,0.32,-0.020000000000000018
AR7,3e5,0.35,0.32,0.02999999999999997
TB6,3e5,0.31,0.32,-0.010000000000000009
TL9,3e5,0.28,0.32,-0.03999999999999998
PB8,3e5,0.31,0.32,-0.010000000000000009
PT3,3e5,0.24,0.32,-0.08000000000000002
TT7,3e5,0.35,0.32,0.02999999999999997
GB1,3e5,0.22,0.32,-0.1
GT1,3e5,0.29,0.32,-0.030000000000000027
GL1,3e5,0.32,0.32,0
TL7,3e5,0.36,0.32,0.03999999999999998
AB6,3e5,0.35,0.32,0.02999999999999997
AB4,3e5,0.35,0.32,0.02999999999999997
PT12,3e5,0.32,0.32,0
AT7,3e5,0.19,0.32,-0.13
AB3,3e5,0.3,0.32,-0.020000000000000018
PT13,3e5,0.39,0.32,0.07
AB7,3e5,0.3,0.32,-0.020000000000000018
TL5,3e5,0.35,0.32,0.02999999999999997
AT6,3e5,0.33,0.32,0.010000000000000009
PR3,3e5,0.32,0.32,0
PR2,3e5,0.3,0.32,-0.020000000000000018
AT3,3e5,0.36,0.32,0.03999999999999998
TL14,3e5,0.34,0.32,0.020000000000000018
PR1,3e5,0.34,0.32,0.020000000000000018
PB1,3e5,0.18,0.32,-0.14
PB6,3e5,0.36,0.32,0.03999999999999998
AL3,3e5,0.3,0.32,-0.020000000000000018
AT2,3e5,0.34,0.32,0.020000000000000018
AR3,3e5,0.36,0.32,0.03999999999999998
PB3,3e5,0.29,0.32,-0.030000000000000027
PR4,3e5,0.38,0.32,0.06
AB2,3e5,0.38,0.32,0.06
AT1,3e5,0.22,0.32,-0.1
TB5,3e5,0.25,0.32,-0.07
AT5,3e5,0,0.32,-0.32
TB7,3e5,0.4,0.32,0.08000000000000002
PB9,3e5,0.4,0.32,0.08000000000000002
W,3e5,0.34,0.32,0.020000000000000018
GR1,325e3,0.29,0.33,-0.040000000000000036
PT10,325e3,0.39,0.33,0.06
TL13,325e3,0.34,0.33,0.010000000000000009
PT5,325e3,0.39,0.33,0.06
PB7,325e3,0.2,0.33,-0.13
PT11,325e3,0.37,0.33,0.03999999999999998
AR2,325e3,0.28,0.33,-0.04999999999999999
TR7,325e3,0.34,0.33,0.010000000000000009
TR2,325e3,0.25,0.33,-0.08000000000000002
AR6,325e3,0.4,0.33,0.07
TR8,325e3,0.22,0.33,-0.11000000000000001
AB5,325e3,0.42,0.33,0.08999999999999997
PB14,325e3,0.3,0.33,-0.030000000000000027
AR7,325e3,0.35,0.33,0.019999999999999962
TB6,325e3,0.31,0.33,-0.020000000000000018
TL9,325e3,0.28,0.33,-0.04999999999999999
PB8,325e3,0.31,0.33,-0.020000000000000018
PT3,325e3,0.24,0.33,-0.09000000000000002
TT7,325e3,0.35,0.33,0.019999999999999962
GB1,325e3,0.22,0.33,-0.11000000000000001
GT1,325e3,0.33,0.33,0
GL1,325e3,0.32,0.33,-0.010000000000000009
TL7,325e3,0.36,0.33,0.02999999999999997
AB6,325e3,0.35,0.33,0.019999999999999962
AB4,325e3,0.35,0.33,0.019999999999999962
PT12,325e3,0.32,0.33,-0.010000000000000009
AT7,325e3,0.19,0.33,-0.14
AB3,325e3,0.3,0.33,-0.030000000000000027
PT13,325e3,0.39,0.33,0.06
AB7,325e3,0.3,0.33,-0.030000000000000027
TL5,325e3,0.35,0.33,0.019999999999999962
AT6,325e3,0.33,0.33,0
PR3,325e3,0.32,0.33,-0.010000000000000009
PR2,325e3,0.3,0.33,-0.030000000000000027
AT3,325e3,0.36,0.33,0.02999999999999997
TL14,325e3,0.34,0.33,0.010000000000000009
PR1,325e3,0.34,0.33,0.010000000000000009
PB1,325e3,0.18,0.33,-0.15000000000000002
PB6,325e3,0.36,0.33,0.02999999999999997
AL3,325e3,0.34,0.33,0.010000000000000009
AT2,325e3,0.34,0.33,0.010000000000000009
AR3,325e3,0.36,0.33,0.02999999999999997
PB3,325e3,0.29,0.33,-0.040000000000000036
PR4,325e3,0.38,0.33,0.04999999999999999
AB2,325e3,0.38,0.33,0.04999999999999999
AT1,325e3,0.22,0.33,-0.11000000000000001
TB5,325e3,0.25,0.33,-0.08000000000000002
AT5,325e3,0,0.33,-0.33
TB7,325e3,0.4,0.33,0.07
PB9,325e3,0.4,0.33,0.07
W,325e3,0.34,0.33,0.010000000000000009
GR1,35e4,0.33,0.34,-0.010000000000000009
PT10,35e4,0.39,0.34,0.04999999999999999
TL13,35e4,0.34,0.34,0
PT5,35e4,0.39,0.34,0.04999999999999999
PB7,35e4,0.2,0.34,-0.14
PT11,35e4,0.37,0.34,0.02999999999999997
AR2,35e4,0.31,0.34,-0.030000000000000027
TR7,35e4,0.34,0.34,0
TR2,35e4,0.25,0.34,-0.09000000000000002
AR6,35e4,0.4,0.34,0.06
TR8,35e4,0.25,0.34,-0.09000000000000002
AB5,35e4,0.44,0.34,0.09999999999999998
PB14,35e4,0.3,0.34,-0.040000000000000036
AR7,35e4,0.35,0.34,0.009999999999999953
TB6,35e4,0.31,0.34,-0.030000000000000027
TL9,35e4,0.28,0.34,-0.06
PB8,35e4,0.31,0.34,-0.030000000000000027
PT3,35e4,0.28,0.34,-0.06
TT7,35e4,0.35,0.34,0.009999999999999953
GB1,35e4,0.26,0.34,-0.08000000000000002
GT1,35e4,0.33,0.34,-0.010000000000000009
GL1,35e4,0.32,0.34,-0.020000000000000018
TL7,35e4,0.38,0.34,0.03999999999999998
AB6,35e4,0.35,0.34,0.009999999999999953
AB4,35e4,0.35,0.34,0.009999999999999953
PT12,35e4,0.32,0.34,-0.020000000000000018
AT7,35e4,0.19,0.34,-0.15000000000000002
AB3,35e4,0.3,0.34,-0.040000000000000036
PT13,35e4,0.39,0.34,0.04999999999999999
AB7,35e4,0.3,0.34,-0.040000000000000036
TL5,35e4,0.35,0.34,0.009999999999999953
AT6,35e4,0.33,0.34,-0.010000000000000009
PR3,35e4,0.34,0.34,0
PR2,35e4,0.34,0.34,0
AT3,35e4,0.36,0.34,0.019999999999999962
TL14,35e4,0.34,0.34,0
PR1,35e4,0.35,0.34,0.009999999999999953
PB1,35e4,0.21,0.34,-0.13000000000000003
PB6,35e4,0.37,0.34,0.02999999999999997
AL3,35e4,0.34,0.34,0
AT2,35e4,0.35,0.34,0.009999999999999953
AR3,35e4,0.36,0.34,0.019999999999999962
PB3,35e4,0.32,0.34,-0.020000000000000018
PR4,35e4,0.38,0.34,0.03999999999999998
AB2,35e4,0.38,0.34,0.03999999999999998
AT1,35e4,0.23,0.34,-0.11000000000000001
TB5,35e4,0.25,0.34,-0.09000000000000002
AT5,35e4,0,0.34,-0.34
TB7,35e4,0.4,0.34,0.06
PB9,35e4,0.4,0.34,0.06
W,35e4,0.34,0.34,0
GR1,36e4,0.33,0.34,-0.010000000000000009
PT10,36e4,0.39,0.34,0.04999999999999999
TL13,36e4,0.34,0.34,0
PT5,36e4,0.39,0.34,0.04999999999999999
PB7,36e4,0.25,0.34,-0.09000000000000002
PT11,36e4,0.37,0.34,0.02999999999999997
AR2,36e4,0.31,0.34,-0.030000000000000027
TR7,36e4,0.34,0.34,0
TR2,36e4,0.25,0.34,-0.09000000000000002
AR6,36e4,0.4,0.34,0.06
TR8,36e4,0.25,0.34,-0.09000000000000002
AB5,36e4,0.44,0.34,0.09999999999999998
PB14,36e4,0.3,0.34,-0.040000000000000036
AR7,36e4,0.38,0.34,0.03999999999999998
TB6,36e4,0.33,0.34,-0.010000000000000009
TL9,36e4,0.35,0.34,0.009999999999999953
PB8,36e4,0.31,0.34,-0.030000000000000027
PT3,36e4,0.28,0.34,-0.06
TT7,36e4,0.35,0.34,0.009999999999999953
GB1,36e4,0.26,0.34,-0.08000000000000002
GT1,36e4,0.33,0.34,-0.010000000000000009
GL1,36e4,0.32,0.34,-0.020000000000000018
TL7,36e4,0.38,0.34,0.03999999999999998
AB6,36e4,0.35,0.34,0.009999999999999953
AB4,36e4,0.35,0.34,0.009999999999999953
PT12,36e4,0.32,0.34,-0.020000000000000018
AT7,36e4,0.19,0.34,-0.15000000000000002
AB3,36e4,0.3,0.34,-0.040000000000000036
PT13,36e4,0.39,0.34,0.04999999999999999
AB7,36e4,0.3,0.34,-0.040000000000000036
TL5,36e4,0.35,0.34,0.009999999999999953
AT6,36e4,0.33,0.34,-0.010000000000000009
PR3,36e4,0.34,0.34,0
PR2,36e4,0.34,0.34,0
AT3,36e4,0.36,0.34,0.019999999999999962
TL14,36e4,0.37,0.34,0.02999999999999997
PR1,36e4,0.36,0.34,0.019999999999999962
PB1,36e4,0.21,0.34,-0.13000000000000003
PB6,36e4,0.37,0.34,0.02999999999999997
AL3,36e4,0.34,0.34,0
AT2,36e4,0.35,0.34,0.009999999999999953
AR3,36e4,0.38,0.34,0.03999999999999998
PB3,36e4,0.32,0.34,-0.020000000000000018
PR4,36e4,0.38,0.34,0.03999999999999998
AB2,36e4,0.38,0.34,0.03999999999999998
AT1,36e4,0.25,0.34,-0.09000000000000002
TB5,36e4,0.3,0.34,-0.040000000000000036
AT5,36e4,0,0.34,-0.34
TB7,36e4,0.4,0.34,0.06
PB9,36e4,0.4,0.34,0.06
W,36e4,0.36,0.34,0.019999999999999962
GR1,375e3,0.33,0.34,-0.010000000000000009
PT10,375e3,0.39,0.34,0.04999999999999999
TL13,375e3,0.37,0.34,0.02999999999999997
PT5,375e3,0.39,0.34,0.04999999999999999
PB7,375e3,0.25,0.34,-0.09000000000000002
PT11,375e3,0.37,0.34,0.02999999999999997
AR2,375e3,0.31,0.34,-0.030000000000000027
TR7,375e3,0.34,0.34,0
TR2,375e3,0.25,0.34,-0.09000000000000002
AR6,375e3,0.4,0.34,0.06
TR8,375e3,0.25,0.34,-0.09000000000000002
AB5,375e3,0.44,0.34,0.09999999999999998
PB14,375e3,0.3,0.34,-0.040000000000000036
AR7,375e3,0.38,0.34,0.03999999999999998
TB6,375e3,0.33,0.34,-0.010000000000000009
TL9,375e3,0.35,0.34,0.009999999999999953
PB8,375e3,0.31,0.34,-0.030000000000000027
PT3,375e3,0.28,0.34,-0.06
TT7,375e3,0.35,0.34,0.009999999999999953
GB1,375e3,0.26,0.34,-0.08000000000000002
GT1,375e3,0.34,0.34,0
GL1,375e3,0.32,0.34,-0.020000000000000018
TL7,375e3,0.38,0.34,0.03999999999999998
AB6,375e3,0.35,0.34,0.009999999999999953
AB4,375e3,0.35,0.34,0.009999999999999953
PT12,375e3,0.32,0.34,-0.020000000000000018
AT7,375e3,0.19,0.34,-0.15000000000000002
AB3,375e3,0.3,0.34,-0.040000000000000036
PT13,375e3,0.39,0.34,0.04999999999999999
AB7,375e3,0.3,0.34,-0.040000000000000036
TL5,375e3,0.35,0.34,0.009999999999999953
AT6,375e3,0.33,0.34,-0.010000000000000009
PR3,375e3,0.34,0.34,0
PR2,375e3,0.34,0.34,0
AT3,375e3,0.38,0.34,0.03999999999999998
TL14,375e3,0.37,0.34,0.02999999999999997
PR1,375e3,0.36,0.34,0.019999999999999962
PB1,375e3,0.21,0.34,-0.13000000000000003
PB6,375e3,0.37,0.34,0.02999999999999997
AL3,375e3,0.34,0.34,0
AT2,375e3,0.35,0.34,0.009999999999999953
AR3,375e3,0.38,0.34,0.03999999999999998
PB3,375e3,0.32,0.34,-0.020000000000000018
PR4,375e3,0.38,0.34,0.03999999999999998
AB2,375e3,0.38,0.34,0.03999999999999998
AT1,375e3,0.25,0.34,-0.09000000000000002
TB5,375e3,0.3,0.34,-0.040000000000000036
AT5,375e3,0,0.34,-0.34
TB7,375e3,0.4,0.34,0.06
PB9,375e3,0.45,0.34,0.10999999999999999
W,375e3,0.36,0.34,0.019999999999999962
GR1,4e5,0.38,0.35,0.030000000000000027
PT10,4e5,0.39,0.35,0.040000000000000036
TL13,4e5,0.37,0.35,0.020000000000000018
PT5,4e5,0.41,0.35,0.06
PB7,4e5,0.25,0.35,-0.09999999999999998
PT11,4e5,0.42,0.35,0.07
AR2,4e5,0.32,0.35,-0.02999999999999997
TR7,4e5,0.34,0.35,-0.009999999999999953
TR2,4e5,0.25,0.35,-0.09999999999999998
AR6,4e5,0.4,0.35,0.050000000000000044
TR8,4e5,0.27,0.35,-0.07999999999999996
AB5,4e5,0.44,0.35,0.09000000000000002
PB14,4e5,0.3,0.35,-0.04999999999999999
AR7,4e5,0.38,0.35,0.030000000000000027
TB6,4e5,0.33,0.35,-0.019999999999999962
TL9,4e5,0.35,0.35,0
PB8,4e5,0.34,0.35,-0.009999999999999953
PT3,4e5,0.29,0.35,-0.06
TT7,4e5,0.37,0.35,0.020000000000000018
GB1,4e5,0.3,0.35,-0.04999999999999999
GT1,4e5,0.34,0.35,-0.009999999999999953
GL1,4e5,0.32,0.35,-0.02999999999999997
TL7,4e5,0.38,0.35,0.030000000000000027
AB6,4e5,0.35,0.35,0
AB4,4e5,0.35,0.35,0
PT12,4e5,0.35,0.35,0
AT7,4e5,0.19,0.35,-0.15999999999999998
AB3,4e5,0.34,0.35,-0.009999999999999953
PT13,4e5,0.4,0.35,0.050000000000000044
AB7,4e5,0.32,0.35,-0.02999999999999997
TL5,4e5,0.38,0.35,0.030000000000000027
AT6,4e5,0.34,0.35,-0.009999999999999953
PR3,4e5,0.37,0.35,0.020000000000000018
PR2,4e5,0.36,0.35,0.010000000000000009
AT3,4e5,0.38,0.35,0.030000000000000027
TL14,4e5,0.37,0.35,0.020000000000000018
PR1,4e5,0.36,0.35,0.010000000000000009
PB1,4e5,0.25,0.35,-0.09999999999999998
PB6,4e5,0.37,0.35,0.020000000000000018
AL3,4e5,0.36,0.35,0.010000000000000009
AT2,4e5,0.36,0.35,0.010000000000000009
AR3,4e5,0.38,0.35,0.030000000000000027
PB3,4e5,0.34,0.35,-0.009999999999999953
PR4,4e5,0.38,0.35,0.030000000000000027
AB2,4e5,0.38,0.35,0.030000000000000027
AT1,4e5,0.25,0.35,-0.09999999999999998
TB5,4e5,0.3,0.35,-0.04999999999999999
AT5,4e5,0,0.35,-0.35
TB7,4e5,0.4,0.35,0.050000000000000044
PB9,4e5,0.45,0.35,0.10000000000000003
W,4e5,0.36,0.35,0.010000000000000009
GR1,42e4,0.38,0.36,0.020000000000000018
PT10,42e4,0.39,0.36,0.030000000000000027
TL13,42e4,0.37,0.36,0.010000000000000009
PT5,42e4,0.41,0.36,0.04999999999999999
PB7,42e4,0.3,0.36,-0.06
PT11,42e4,0.42,0.36,0.06
AR2,42e4,0.32,0.36,-0.03999999999999998
TR7,42e4,0.34,0.36,-0.019999999999999962
TR2,42e4,0.25,0.36,-0.10999999999999999
AR6,42e4,0.4,0.36,0.040000000000000036
TR8,42e4,0.27,0.36,-0.08999999999999997
AB5,42e4,0.46,0.36,0.10000000000000003
PB14,42e4,0.3,0.36,-0.06
AR7,42e4,0.38,0.36,0.020000000000000018
TB6,42e4,0.36,0.36,0
TL9,42e4,0.38,0.36,0.020000000000000018
PB8,42e4,0.34,0.36,-0.019999999999999962
PT3,42e4,0.29,0.36,-0.07
TT7,42e4,0.37,0.36,0.010000000000000009
GB1,42e4,0.3,0.36,-0.06
GT1,42e4,0.34,0.36,-0.019999999999999962
GL1,42e4,0.32,0.36,-0.03999999999999998
TL7,42e4,0.38,0.36,0.020000000000000018
AB6,42e4,0.35,0.36,-0.010000000000000009
AB4,42e4,0.35,0.36,-0.010000000000000009
PT12,42e4,0.35,0.36,-0.010000000000000009
AT7,42e4,0.19,0.36,-0.16999999999999998
AB3,42e4,0.34,0.36,-0.019999999999999962
PT13,42e4,0.4,0.36,0.040000000000000036
AB7,42e4,0.32,0.36,-0.03999999999999998
TL5,42e4,0.38,0.36,0.020000000000000018
AT6,42e4,0.34,0.36,-0.019999999999999962
PR3,42e4,0.37,0.36,0.010000000000000009
PR2,42e4,0.36,0.36,0
AT3,42e4,0.38,0.36,0.020000000000000018
TL14,42e4,0.37,0.36,0.010000000000000009
PR1,42e4,0.37,0.36,0.010000000000000009
PB1,42e4,0.25,0.36,-0.10999999999999999
PB6,42e4,0.37,0.36,0.010000000000000009
AL3,42e4,0.36,0.36,0
AT2,42e4,0.36,0.36,0
AR3,42e4,0.38,0.36,0.020000000000000018
PB3,42e4,0.34,0.36,-0.019999999999999962
PR4,42e4,0.38,0.36,0.020000000000000018
AB2,42e4,0.4,0.36,0.040000000000000036
AT1,42e4,0.26,0.36,-0.09999999999999998
TB5,42e4,0.3,0.36,-0.06
AT5,42e4,0,0.36,-0.36
TB7,42e4,0.4,0.36,0.040000000000000036
PB9,42e4,0.45,0.36,0.09000000000000002
W,42e4,0.36,0.36,0
GR1,425e3,0.38,0.36,0.020000000000000018
PT10,425e3,0.39,0.36,0.030000000000000027
TL13,425e3,0.37,0.36,0.010000000000000009
PT5,425e3,0.41,0.36,0.04999999999999999
PB7,425e3,0.3,0.36,-0.06
PT11,425e3,0.42,0.36,0.06
AR2,425e3,0.32,0.36,-0.03999999999999998
TR7,425e3,0.34,0.36,-0.019999999999999962
TR2,425e3,0.25,0.36,-0.10999999999999999
AR6,425e3,0.4,0.36,0.040000000000000036
TR8,425e3,0.27,0.36,-0.08999999999999997
AB5,425e3,0.46,0.36,0.10000000000000003
PB14,425e3,0.3,0.36,-0.06
AR7,425e3,0.38,0.36,0.020000000000000018
TB6,425e3,0.36,0.36,0
TL9,425e3,0.38,0.36,0.020000000000000018
PB8,425e3,0.34,0.36,-0.019999999999999962
PT3,425e3,0.29,0.36,-0.07
TT7,425e3,0.37,0.36,0.010000000000000009
GB1,425e3,0.3,0.36,-0.06
GT1,425e3,0.35,0.36,-0.010000000000000009
GL1,425e3,0.32,0.36,-0.03999999999999998
TL7,425e3,0.38,0.36,0.020000000000000018
AB6,425e3,0.35,0.36,-0.010000000000000009
AB4,425e3,0.35,0.36,-0.010000000000000009
PT12,425e3,0.35,0.36,-0.010000000000000009
AT7,425e3,0.19,0.36,-0.16999999999999998
AB3,425e3,0.34,0.36,-0.019999999999999962
PT13,425e3,0.4,0.36,0.040000000000000036
AB7,425e3,0.32,0.36,-0.03999999999999998
TL5,425e3,0.38,0.36,0.020000000000000018
AT6,425e3,0.34,0.36,-0.019999999999999962
PR3,425e3,0.37,0.36,0.010000000000000009
PR2,425e3,0.36,0.36,0
AT3,425e3,0.38,0.36,0.020000000000000018
TL14,425e3,0.37,0.36,0.010000000000000009
PR1,425e3,0.37,0.36,0.010000000000000009
PB1,425e3,0.25,0.36,-0.10999999999999999
PB6,425e3,0.37,0.36,0.010000000000000009
AL3,425e3,0.36,0.36,0
AT2,425e3,0.36,0.36,0
AR3,425e3,0.38,0.36,0.020000000000000018
PB3,425e3,0.34,0.36,-0.019999999999999962
PR4,425e3,0.38,0.36,0.020000000000000018
AB2,425e3,0.4,0.36,0.040000000000000036
AT1,425e3,0.26,0.36,-0.09999999999999998
TB5,425e3,0.3,0.36,-0.06
AT5,425e3,0,0.36,-0.36
TB7,425e3,0.4,0.36,0.040000000000000036
PB9,425e3,0.45,0.36,0.09000000000000002
W,425e3,0.38,0.36,0.020000000000000018
GR1,45e4,0.4,0.36,0.040000000000000036
PT10,45e4,0.39,0.36,0.030000000000000027
TL13,45e4,0.37,0.36,0.010000000000000009
PT5,45e4,0.41,0.36,0.04999999999999999
PB7,45e4,0.3,0.36,-0.06
PT11,45e4,0.42,0.36,0.06
AR2,45e4,0.33,0.36,-0.02999999999999997
TR7,45e4,0.34,0.36,-0.019999999999999962
TR2,45e4,0.25,0.36,-0.10999999999999999
AR6,45e4,0.4,0.36,0.040000000000000036
TR8,45e4,0.28,0.36,-0.07999999999999996
AB5,45e4,0.46,0.36,0.10000000000000003
PB14,45e4,0.3,0.36,-0.06
AR7,45e4,0.38,0.36,0.020000000000000018
TB6,45e4,0.36,0.36,0
TL9,45e4,0.38,0.36,0.020000000000000018
PB8,45e4,0.34,0.36,-0.019999999999999962
PT3,45e4,0.31,0.36,-0.04999999999999999
TT7,45e4,0.37,0.36,0.010000000000000009
GB1,45e4,0.34,0.36,-0.019999999999999962
GT1,45e4,0.35,0.36,-0.010000000000000009
GL1,45e4,0.32,0.36,-0.03999999999999998
TL7,45e4,0.38,0.36,0.020000000000000018
AB6,45e4,0.35,0.36,-0.010000000000000009
AB4,45e4,0.35,0.36,-0.010000000000000009
PT12,45e4,0.35,0.36,-0.010000000000000009
AT7,45e4,0.19,0.36,-0.16999999999999998
AB3,45e4,0.35,0.36,-0.010000000000000009
PT13,45e4,0.4,0.36,0.040000000000000036
AB7,45e4,0.32,0.36,-0.03999999999999998
TL5,45e4,0.38,0.36,0.020000000000000018
AT6,45e4,0.34,0.36,-0.019999999999999962
PR3,45e4,0.37,0.36,0.010000000000000009
PR2,45e4,0.37,0.36,0.010000000000000009
AT3,45e4,0.39,0.36,0.030000000000000027
TL14,45e4,0.37,0.36,0.010000000000000009
PR1,45e4,0.37,0.36,0.010000000000000009
PB1,45e4,0.26,0.36,-0.09999999999999998
PB6,45e4,0.38,0.36,0.020000000000000018
AL3,45e4,0.36,0.36,0
AT2,45e4,0.36,0.36,0
AR3,45e4,0.38,0.36,0.020000000000000018
PB3,45e4,0.36,0.36,0
PR4,45e4,0.38,0.36,0.020000000000000018
AB2,45e4,0.4,0.36,0.040000000000000036
AT1,45e4,0.28,0.36,-0.07999999999999996
TB5,45e4,0.3,0.36,-0.06
AT5,45e4,0,0.36,-0.36
TB7,45e4,0.4,0.36,0.040000000000000036
PB9,45e4,0.45,0.36,0.09000000000000002
W,45e4,0.38,0.36,0.020000000000000018
GR1,475e3,0.4,0.37,0.030000000000000027
PT10,475e3,0.39,0.37,0.020000000000000018
TL13,475e3,0.37,0.37,0
PT5,475e3,0.41,0.37,0.03999999999999998
PB7,475e3,0.3,0.37,-0.07
PT11,475e3,0.42,0.37,0.04999999999999999
AR2,475e3,0.33,0.37,-0.03999999999999998
TR7,475e3,0.34,0.37,-0.02999999999999997
TR2,475e3,0.25,0.37,-0.12
AR6,475e3,0.4,0.37,0.030000000000000027
TR8,475e3,0.28,0.37,-0.08999999999999997
AB5,475e3,0.46,0.37,0.09000000000000002
PB14,475e3,0.3,0.37,-0.07
AR7,475e3,0.38,0.37,0.010000000000000009
TB6,475e3,0.36,0.37,-0.010000000000000009
TL9,475e3,0.38,0.37,0.010000000000000009
PB8,475e3,0.34,0.37,-0.02999999999999997
PT3,475e3,0.31,0.37,-0.06
TT7,475e3,0.37,0.37,0
GB1,475e3,0.34,0.37,-0.02999999999999997
GT1,475e3,0.37,0.37,0
GL1,475e3,0.34,0.37,-0.02999999999999997
TL7,475e3,0.38,0.37,0.010000000000000009
AB6,475e3,0.35,0.37,-0.020000000000000018
AB4,475e3,0.35,0.37,-0.020000000000000018
PT12,475e3,0.35,0.37,-0.020000000000000018
AT7,475e3,0.19,0.37,-0.18
AB3,475e3,0.35,0.37,-0.020000000000000018
PT13,475e3,0.4,0.37,0.030000000000000027
AB7,475e3,0.32,0.37,-0.04999999999999999
TL5,475e3,0.38,0.37,0.010000000000000009
AT6,475e3,0.34,0.37,-0.02999999999999997
PR3,475e3,0.37,0.37,0
PR2,475e3,0.37,0.37,0
AT3,475e3,0.39,0.37,0.020000000000000018
TL14,475e3,0.37,0.37,0
PR1,475e3,0.37,0.37,0
PB1,475e3,0.26,0.37,-0.10999999999999999
PB6,475e3,0.38,0.37,0.010000000000000009
AL3,475e3,0.36,0.37,-0.010000000000000009
AT2,475e3,0.37,0.37,0
AR3,475e3,0.38,0.37,0.010000000000000009
PB3,475e3,0.36,0.37,-0.010000000000000009
PR4,475e3,0.38,0.37,0.010000000000000009
AB2,475e3,0.4,0.37,0.030000000000000027
AT1,475e3,0.28,0.37,-0.08999999999999997
TB5,475e3,0.3,0.37,-0.07
AT5,475e3,0,0.37,-0.37
TB7,475e3,0.4,0.37,0.030000000000000027
PB9,475e3,0.45,0.37,0.08000000000000002
W,475e3,0.38,0.37,0.010000000000000009
GR1,48e4,0.4,0.37,0.030000000000000027
PT10,48e4,0.39,0.37,0.020000000000000018
TL13,48e4,0.37,0.37,0
PT5,48e4,0.41,0.37,0.03999999999999998
PB7,48e4,0.35,0.37,-0.020000000000000018
PT11,48e4,0.42,0.37,0.04999999999999999
AR2,48e4,0.33,0.37,-0.03999999999999998
TR7,48e4,0.34,0.37,-0.02999999999999997
TR2,48e4,0.25,0.37,-0.12
AR6,48e4,0.4,0.37,0.030000000000000027
TR8,48e4,0.28,0.37,-0.08999999999999997
AB5,48e4,0.46,0.37,0.09000000000000002
PB14,48e4,0.3,0.37,-0.07
AR7,48e4,0.41,0.37,0.03999999999999998
TB6,48e4,0.4,0.37,0.030000000000000027
TL9,48e4,0.43,0.37,0.06
PB8,48e4,0.34,0.37,-0.02999999999999997
PT3,48e4,0.31,0.37,-0.06
TT7,48e4,0.37,0.37,0
GB1,48e4,0.34,0.37,-0.02999999999999997
GT1,48e4,0.37,0.37,0
GL1,48e4,0.34,0.37,-0.02999999999999997
TL7,48e4,0.38,0.37,0.010000000000000009
AB6,48e4,0.35,0.37,-0.020000000000000018
AB4,48e4,0.35,0.37,-0.020000000000000018
PT12,48e4,0.35,0.37,-0.020000000000000018
AT7,48e4,0.19,0.37,-0.18
AB3,48e4,0.35,0.37,-0.020000000000000018
PT13,48e4,0.4,0.37,0.030000000000000027
AB7,48e4,0.32,0.37,-0.04999999999999999
TL5,48e4,0.38,0.37,0.010000000000000009
AT6,48e4,0.34,0.37,-0.02999999999999997
PR3,48e4,0.37,0.37,0
PR2,48e4,0.37,0.37,0
AT3,48e4,0.39,0.37,0.020000000000000018
TL14,48e4,0.4,0.37,0.030000000000000027
PR1,48e4,0.38,0.37,0.010000000000000009
PB1,48e4,0.26,0.37,-0.10999999999999999
PB6,48e4,0.38,0.37,0.010000000000000009
AL3,48e4,0.36,0.37,-0.010000000000000009
AT2,48e4,0.37,0.37,0
AR3,48e4,0.4,0.37,0.030000000000000027
PB3,48e4,0.36,0.37,-0.010000000000000009
PR4,48e4,0.38,0.37,0.010000000000000009
AB2,48e4,0.4,0.37,0.030000000000000027
AT1,48e4,0.29,0.37,-0.08000000000000002
TB5,48e4,0.35,0.37,-0.020000000000000018
AT5,48e4,0,0.37,-0.37
TB7,48e4,0.4,0.37,0.030000000000000027
PB9,48e4,0.45,0.37,0.08000000000000002
W,48e4,0.38,0.37,0.010000000000000009
GR1,5e5,0.4,0.38,0.020000000000000018
PT10,5e5,0.39,0.38,0.010000000000000009
TL13,5e5,0.37,0.38,-0.010000000000000009
PT5,5e5,0.41,0.38,0.02999999999999997
PB7,5e5,0.35,0.38,-0.030000000000000027
PT11,5e5,0.42,0.38,0.03999999999999998
AR2,5e5,0.33,0.38,-0.04999999999999999
TR7,5e5,0.34,0.38,-0.03999999999999998
TR2,5e5,0.25,0.38,-0.13
AR6,5e5,0.4,0.38,0.020000000000000018
TR8,5e5,0.3,0.38,-0.08000000000000002
AB5,5e5,0.46,0.38,0.08000000000000002
PB14,5e5,0.3,0.38,-0.08000000000000002
AR7,5e5,0.41,0.38,0.02999999999999997
TB6,5e5,0.4,0.38,0.020000000000000018
TL9,5e5,0.43,0.38,0.04999999999999999
PB8,5e5,0.35,0.38,-0.030000000000000027
PT3,5e5,0.31,0.38,-0.07
TT7,5e5,0.42,0.38,0.03999999999999998
GB1,5e5,0.35,0.38,-0.030000000000000027
GT1,5e5,0.37,0.38,-0.010000000000000009
GL1,5e5,0.34,0.38,-0.03999999999999998
TL7,5e5,0.39,0.38,0.010000000000000009
AB6,5e5,0.35,0.38,-0.030000000000000027
AB4,5e5,0.35,0.38,-0.030000000000000027
PT12,5e5,0.35,0.38,-0.030000000000000027
AT7,5e5,0.19,0.38,-0.19
AB3,5e5,0.36,0.38,-0.020000000000000018
PT13,5e5,0.4,0.38,0.020000000000000018
AB7,5e5,0.33,0.38,-0.04999999999999999
TL5,5e5,0.4,0.38,0.020000000000000018
AT6,5e5,0.35,0.38,-0.030000000000000027
PR3,5e5,0.42,0.38,0.03999999999999998
PR2,5e5,0.37,0.38,-0.010000000000000009
AT3,5e5,0.39,0.38,0.010000000000000009
TL14,5e5,0.4,0.38,0.020000000000000018
PR1,5e5,0.38,0.38,0
PB1,5e5,0.29,0.38,-0.09000000000000002
PB6,5e5,0.39,0.38,0.010000000000000009
AL3,5e5,0.39,0.38,0.010000000000000009
AT2,5e5,0.37,0.38,-0.010000000000000009
AR3,5e5,0.4,0.38,0.020000000000000018
PB3,5e5,0.38,0.38,0
PR4,5e5,0.38,0.38,0
AB2,5e5,0.4,0.38,0.020000000000000018
AT1,5e5,0.35,0.38,-0.030000000000000027
TB5,5e5,0.35,0.38,-0.030000000000000027
AT5,5e5,0.37,0.38,-0.010000000000000009
TB7,5e5,0.42,0.38,0.03999999999999998
PB9,5e5,0.45,0.38,0.07
W,5e5,0.42,0.38,0.03999999999999998
GR1,525e3,0.4,0.38,0.020000000000000018
PT10,525e3,0.39,0.38,0.010000000000000009
TL13,525e3,0.37,0.38,-0.010000000000000009
PT5,525e3,0.41,0.38,0.02999999999999997
PB7,525e3,0.35,0.38,-0.030000000000000027
PT11,525e3,0.42,0.38,0.03999999999999998
AR2,525e3,0.33,0.38,-0.04999999999999999
TR7,525e3,0.34,0.38,-0.03999999999999998
TR2,525e3,0.25,0.38,-0.13
AR6,525e3,0.4,0.38,0.020000000000000018
TR8,525e3,0.3,0.38,-0.08000000000000002
AB5,525e3,0.46,0.38,0.08000000000000002
PB14,525e3,0.3,0.38,-0.08000000000000002
AR7,525e3,0.41,0.38,0.02999999999999997
TB6,525e3,0.4,0.38,0.020000000000000018
TL9,525e3,0.43,0.38,0.04999999999999999
PB8,525e3,0.35,0.38,-0.030000000000000027
PT3,525e3,0.31,0.38,-0.07
TT7,525e3,0.42,0.38,0.03999999999999998
GB1,525e3,0.35,0.38,-0.030000000000000027
GT1,525e3,0.38,0.38,0
GL1,525e3,0.34,0.38,-0.03999999999999998
TL7,525e3,0.39,0.38,0.010000000000000009
AB6,525e3,0.35,0.38,-0.030000000000000027
AB4,525e3,0.35,0.38,-0.030000000000000027
PT12,525e3,0.38,0.38,0
AT7,525e3,0.19,0.38,-0.19
AB3,525e3,0.36,0.38,-0.020000000000000018
PT13,525e3,0.4,0.38,0.020000000000000018
AB7,525e3,0.33,0.38,-0.04999999999999999
TL5,525e3,0.4,0.38,0.020000000000000018
AT6,525e3,0.35,0.38,-0.030000000000000027
PR3,525e3,0.42,0.38,0.03999999999999998
PR2,525e3,0.38,0.38,0
AT3,525e3,0.4,0.38,0.020000000000000018
TL14,525e3,0.4,0.38,0.020000000000000018
PR1,525e3,0.38,0.38,0
PB1,525e3,0.29,0.38,-0.09000000000000002
PB6,525e3,0.39,0.38,0.010000000000000009
AL3,525e3,0.39,0.38,0.010000000000000009
AT2,525e3,0.37,0.38,-0.010000000000000009
AR3,525e3,0.4,0.38,0.020000000000000018
PB3,525e3,0.38,0.38,0
PR4,525e3,0.38,0.38,0
AB2,525e3,0.4,0.38,0.020000000000000018
AT1,525e3,0.35,0.38,-0.030000000000000027
TB5,525e3,0.35,0.38,-0.030000000000000027
AT5,525e3,0.37,0.38,-0.010000000000000009
TB7,525e3,0.42,0.38,0.03999999999999998
PB9,525e3,0.45,0.38,0.07
W,525e3,0.42,0.38,0.03999999999999998
GR1,54e4,0.4,0.38,0.020000000000000018
PT10,54e4,0.39,0.38,0.010000000000000009
TL13,54e4,0.37,0.38,-0.010000000000000009
PT5,54e4,0.41,0.38,0.02999999999999997
PB7,54e4,0.4,0.38,0.020000000000000018
PT11,54e4,0.42,0.38,0.03999999999999998
AR2,54e4,0.33,0.38,-0.04999999999999999
TR7,54e4,0.34,0.38,-0.03999999999999998
TR2,54e4,0.25,0.38,-0.13
AR6,54e4,0.4,0.38,0.020000000000000018
TR8,54e4,0.3,0.38,-0.08000000000000002
AB5,54e4,0.46,0.38,0.08000000000000002
PB14,54e4,0.3,0.38,-0.08000000000000002
AR7,54e4,0.41,0.38,0.02999999999999997
TB6,54e4,0.4,0.38,0.020000000000000018
TL9,54e4,0.45,0.38,0.07
PB8,54e4,0.35,0.38,-0.030000000000000027
PT3,54e4,0.31,0.38,-0.07
TT7,54e4,0.42,0.38,0.03999999999999998
GB1,54e4,0.35,0.38,-0.030000000000000027
GT1,54e4,0.38,0.38,0
GL1,54e4,0.35,0.38,-0.030000000000000027
TL7,54e4,0.39,0.38,0.010000000000000009
AB6,54e4,0.35,0.38,-0.030000000000000027
AB4,54e4,0.35,0.38,-0.030000000000000027
PT12,54e4,0.38,0.38,0
AT7,54e4,0.19,0.38,-0.19
AB3,54e4,0.36,0.38,-0.020000000000000018
PT13,54e4,0.4,0.38,0.020000000000000018
AB7,54e4,0.33,0.38,-0.04999999999999999
TL5,54e4,0.4,0.38,0.020000000000000018
AT6,54e4,0.35,0.38,-0.030000000000000027
PR3,54e4,0.42,0.38,0.03999999999999998
PR2,54e4,0.38,0.38,0
AT3,54e4,0.4,0.38,0.020000000000000018
TL14,54e4,0.4,0.38,0.020000000000000018
PR1,54e4,0.38,0.38,0
PB1,54e4,0.29,0.38,-0.09000000000000002
PB6,54e4,0.39,0.38,0.010000000000000009
AL3,54e4,0.39,0.38,0.010000000000000009
AT2,54e4,0.37,0.38,-0.010000000000000009
AR3,54e4,0.4,0.38,0.020000000000000018
PB3,54e4,0.38,0.38,0
PR4,54e4,0.38,0.38,0
AB2,54e4,0.4,0.38,0.020000000000000018
AT1,54e4,0.35,0.38,-0.030000000000000027
TB5,54e4,0.35,0.38,-0.030000000000000027
AT5,54e4,0.37,0.38,-0.010000000000000009
TB7,54e4,0.42,0.38,0.03999999999999998
PB9,54e4,0.45,0.38,0.07
W,54e4,0.42,0.38,0.03999999999999998
GR1,55e4,0.4,0.38,0.020000000000000018
PT10,55e4,0.39,0.38,0.010000000000000009
TL13,55e4,0.37,0.38,-0.010000000000000009
PT5,55e4,0.41,0.38,0.02999999999999997
PB7,55e4,0.4,0.38,0.020000000000000018
PT11,55e4,0.42,0.38,0.03999999999999998
AR2,55e4,0.36,0.38,-0.020000000000000018
TR7,55e4,0.34,0.38,-0.03999999999999998
TR2,55e4,0.25,0.38,-0.13
AR6,55e4,0.4,0.38,0.020000000000000018
TR8,55e4,0.31,0.38,-0.07
AB5,55e4,0.46,0.38,0.08000000000000002
PB14,55e4,0.3,0.38,-0.08000000000000002
AR7,55e4,0.41,0.38,0.02999999999999997
TB6,55e4,0.4,0.38,0.020000000000000018
TL9,55e4,0.45,0.38,0.07
PB8,55e4,0.35,0.38,-0.030000000000000027
PT3,55e4,0.31,0.38,-0.07
TT7,55e4,0.42,0.38,0.03999999999999998
GB1,55e4,0.37,0.38,-0.010000000000000009
GT1,55e4,0.38,0.38,0
GL1,55e4,0.35,0.38,-0.030000000000000027
TL7,55e4,0.39,0.38,0.010000000000000009
AB6,55e4,0.35,0.38,-0.030000000000000027
AB4,55e4,0.35,0.38,-0.030000000000000027
PT12,55e4,0.38,0.38,0
AT7,55e4,0.19,0.38,-0.19
AB3,55e4,0.37,0.38,-0.010000000000000009
PT13,55e4,0.4,0.38,0.020000000000000018
AB7,55e4,0.33,0.38,-0.04999999999999999
TL5,55e4,0.4,0.38,0.020000000000000018
AT6,55e4,0.35,0.38,-0.030000000000000027
PR3,55e4,0.42,0.38,0.03999999999999998
PR2,55e4,0.38,0.38,0
AT3,55e4,0.4,0.38,0.020000000000000018
TL14,55e4,0.4,0.38,0.020000000000000018
PR1,55e4,0.38,0.38,0
PB1,55e4,0.3,0.38,-0.08000000000000002
PB6,55e4,0.4,0.38,0.020000000000000018
AL3,55e4,0.39,0.38,0.010000000000000009
AT2,55e4,0.39,0.38,0.010000000000000009
AR3,55e4,0.4,0.38,0.020000000000000018
PB3,55e4,0.4,0.38,0.020000000000000018
PR4,55e4,0.38,0.38,0
AB2,55e4,0.4,0.38,0.020000000000000018
AT1,55e4,0.35,0.38,-0.030000000000000027
TB5,55e4,0.35,0.38,-0.030000000000000027
AT5,55e4,0.37,0.38,-0.010000000000000009
TB7,55e4,0.42,0.38,0.03999999999999998
PB9,55e4,0.45,0.38,0.07
W,55e4,0.42,0.38,0.03999999999999998
GR1,575e3,0.41,0.38,0.02999999999999997
PT10,575e3,0.39,0.38,0.010000000000000009
TL13,575e3,0.37,0.38,-0.010000000000000009
PT5,575e3,0.41,0.38,0.02999999999999997
PB7,575e3,0.4,0.38,0.020000000000000018
PT11,575e3,0.42,0.38,0.03999999999999998
AR2,575e3,0.36,0.38,-0.020000000000000018
TR7,575e3,0.34,0.38,-0.03999999999999998
TR2,575e3,0.25,0.38,-0.13
AR6,575e3,0.4,0.38,0.020000000000000018
TR8,575e3,0.31,0.38,-0.07
AB5,575e3,0.46,0.38,0.08000000000000002
PB14,575e3,0.3,0.38,-0.08000000000000002
AR7,575e3,0.41,0.38,0.02999999999999997
TB6,575e3,0.4,0.38,0.020000000000000018
TL9,575e3,0.45,0.38,0.07
PB8,575e3,0.35,0.38,-0.030000000000000027
PT3,575e3,0.31,0.38,-0.07
TT7,575e3,0.42,0.38,0.03999999999999998
GB1,575e3,0.37,0.38,-0.010000000000000009
GT1,575e3,0.38,0.38,0
GL1,575e3,0.35,0.38,-0.030000000000000027
TL7,575e3,0.39,0.38,0.010000000000000009
AB6,575e3,0.35,0.38,-0.030000000000000027
AB4,575e3,0.35,0.38,-0.030000000000000027
PT12,575e3,0.38,0.38,0
AT7,575e3,0.19,0.38,-0.19
AB3,575e3,0.37,0.38,-0.010000000000000009
PT13,575e3,0.4,0.38,0.020000000000000018
AB7,575e3,0.33,0.38,-0.04999999999999999
TL5,575e3,0.4,0.38,0.020000000000000018
AT6,575e3,0.35,0.38,-0.030000000000000027
PR3,575e3,0.42,0.38,0.03999999999999998
PR2,575e3,0.38,0.38,0
AT3,575e3,0.4,0.38,0.020000000000000018
TL14,575e3,0.4,0.38,0.020000000000000018
PR1,575e3,0.38,0.38,0
PB1,575e3,0.3,0.38,-0.08000000000000002
PB6,575e3,0.4,0.38,0.020000000000000018
AL3,575e3,0.39,0.38,0.010000000000000009
AT2,575e3,0.39,0.38,0.010000000000000009
AR3,575e3,0.4,0.38,0.020000000000000018
PB3,575e3,0.4,0.38,0.020000000000000018
PR4,575e3,0.38,0.38,0
AB2,575e3,0.4,0.38,0.020000000000000018
AT1,575e3,0.35,0.38,-0.030000000000000027
TB5,575e3,0.35,0.38,-0.030000000000000027
AT5,575e3,0.37,0.38,-0.010000000000000009
TB7,575e3,0.42,0.38,0.03999999999999998
PB9,575e3,0.45,0.38,0.07
W,575e3,0.42,0.38,0.03999999999999998
GR1,6e5,0.41,0.39,0.019999999999999962
PT10,6e5,0.39,0.39,0
TL13,6e5,0.37,0.39,-0.020000000000000018
PT5,6e5,0.41,0.39,0.019999999999999962
PB7,6e5,0.42,0.39,0.02999999999999997
PT11,6e5,0.42,0.39,0.02999999999999997
AR2,6e5,0.36,0.39,-0.030000000000000027
TR7,6e5,0.34,0.39,-0.04999999999999999
TR2,6e5,0.25,0.39,-0.14
AR6,6e5,0.4,0.39,0.010000000000000009
TR8,6e5,0.33,0.39,-0.06
AB5,6e5,0.48,0.39,0.08999999999999997
PB14,6e5,0.3,0.39,-0.09000000000000002
AR7,6e5,0.41,0.39,0.019999999999999962
TB6,6e5,0.42,0.39,0.02999999999999997
TL9,6e5,0.45,0.39,0.06
PB8,6e5,0.36,0.39,-0.030000000000000027
PT3,6e5,0.33,0.39,-0.06
TT7,6e5,0.45,0.39,0.06
GB1,6e5,0.38,0.39,-0.010000000000000009
GT1,6e5,0.38,0.39,-0.010000000000000009
GL1,6e5,0.35,0.39,-0.040000000000000036
TL7,6e5,0.39,0.39,0
AB6,6e5,0.35,0.39,-0.040000000000000036
AB4,6e5,0.35,0.39,-0.040000000000000036
PT12,6e5,0.38,0.39,-0.010000000000000009
AT7,6e5,0.19,0.39,-0.2
AB3,6e5,0.38,0.39,-0.010000000000000009
PT13,6e5,0.41,0.39,0.019999999999999962
AB7,6e5,0.35,0.39,-0.040000000000000036
TL5,6e5,0.43,0.39,0.03999999999999998
AT6,6e5,0.37,0.39,-0.020000000000000018
PR3,6e5,0.42,0.39,0.02999999999999997
PR2,6e5,0.38,0.39,-0.010000000000000009
AT3,6e5,0.41,0.39,0.019999999999999962
TL14,6e5,0.43,0.39,0.03999999999999998
PR1,6e5,0.39,0.39,0
PB1,6e5,0.32,0.39,-0.07
PB6,6e5,0.41,0.39,0.019999999999999962
AL3,6e5,0.39,0.39,0
AT2,6e5,0.39,0.39,0
AR3,6e5,0.43,0.39,0.03999999999999998
PB3,6e5,0.41,0.39,0.019999999999999962
PR4,6e5,0.38,0.39,-0.010000000000000009
AB2,6e5,0.4,0.39,0.010000000000000009
AT1,6e5,0.4,0.39,0.010000000000000009
TB5,6e5,0.35,0.39,-0.040000000000000036
AT5,6e5,0.37,0.39,-0.020000000000000018
TB7,6e5,0.42,0.39,0.02999999999999997
PB9,6e5,0.5,0.39,0.10999999999999999
W,6e5,0.43,0.39,0.03999999999999998
GR1,625e3,0.41,0.39,0.019999999999999962
PT10,625e3,0.39,0.39,0
TL13,625e3,0.37,0.39,-0.020000000000000018
PT5,625e3,0.41,0.39,0.019999999999999962
PB7,625e3,0.42,0.39,0.02999999999999997
PT11,625e3,0.42,0.39,0.02999999999999997
AR2,625e3,0.36,0.39,-0.030000000000000027
TR7,625e3,0.34,0.39,-0.04999999999999999
TR2,625e3,0.25,0.39,-0.14
AR6,625e3,0.4,0.39,0.010000000000000009
TR8,625e3,0.33,0.39,-0.06
AB5,625e3,0.48,0.39,0.08999999999999997
PB14,625e3,0.3,0.39,-0.09000000000000002
AR7,625e3,0.41,0.39,0.019999999999999962
TB6,625e3,0.42,0.39,0.02999999999999997
TL9,625e3,0.45,0.39,0.06
PB8,625e3,0.36,0.39,-0.030000000000000027
PT3,625e3,0.33,0.39,-0.06
TT7,625e3,0.45,0.39,0.06
GB1,625e3,0.38,0.39,-0.010000000000000009
GT1,625e3,0.39,0.39,0
GL1,625e3,0.35,0.39,-0.040000000000000036
TL7,625e3,0.39,0.39,0
AB6,625e3,0.35,0.39,-0.040000000000000036
AB4,625e3,0.35,0.39,-0.040000000000000036
PT12,625e3,0.38,0.39,-0.010000000000000009
AT7,625e3,0.19,0.39,-0.2
AB3,625e3,0.38,0.39,-0.010000000000000009
PT13,625e3,0.41,0.39,0.019999999999999962
AB7,625e3,0.35,0.39,-0.040000000000000036
TL5,625e3,0.43,0.39,0.03999999999999998
AT6,625e3,0.37,0.39,-0.020000000000000018
PR3,625e3,0.42,0.39,0.02999999999999997
PR2,625e3,0.38,0.39,-0.010000000000000009
AT3,625e3,0.41,0.39,0.019999999999999962
TL14,625e3,0.43,0.39,0.03999999999999998
PR1,625e3,0.39,0.39,0
PB1,625e3,0.32,0.39,-0.07
PB6,625e3,0.41,0.39,0.019999999999999962
AL3,625e3,0.39,0.39,0
AT2,625e3,0.41,0.39,0.019999999999999962
AR3,625e3,0.43,0.39,0.03999999999999998
PB3,625e3,0.41,0.39,0.019999999999999962
PR4,625e3,0.38,0.39,-0.010000000000000009
AB2,625e3,0.4,0.39,0.010000000000000009
AT1,625e3,0.4,0.39,0.010000000000000009
TB5,625e3,0.35,0.39,-0.040000000000000036
AT5,625e3,0.37,0.39,-0.020000000000000018
TB7,625e3,0.42,0.39,0.02999999999999997
PB9,625e3,0.5,0.39,0.10999999999999999
W,625e3,0.43,0.39,0.03999999999999998
GR1,65e4,0.41,0.39,0.019999999999999962
PT10,65e4,0.39,0.39,0
TL13,65e4,0.37,0.39,-0.020000000000000018
PT5,65e4,0.41,0.39,0.019999999999999962
PB7,65e4,0.42,0.39,0.02999999999999997
PT11,65e4,0.42,0.39,0.02999999999999997
AR2,65e4,0.37,0.39,-0.020000000000000018
TR7,65e4,0.34,0.39,-0.04999999999999999
TR2,65e4,0.25,0.39,-0.14
AR6,65e4,0.4,0.39,0.010000000000000009
TR8,65e4,0.34,0.39,-0.04999999999999999
AB5,65e4,0.48,0.39,0.08999999999999997
PB14,65e4,0.3,0.39,-0.09000000000000002
AR7,65e4,0.41,0.39,0.019999999999999962
TB6,65e4,0.42,0.39,0.02999999999999997
TL9,65e4,0.45,0.39,0.06
PB8,65e4,0.36,0.39,-0.030000000000000027
PT3,65e4,0.33,0.39,-0.06
TT7,65e4,0.45,0.39,0.06
GB1,65e4,0.38,0.39,-0.010000000000000009
GT1,65e4,0.39,0.39,0
GL1,65e4,0.36,0.39,-0.030000000000000027
TL7,65e4,0.39,0.39,0
AB6,65e4,0.35,0.39,-0.040000000000000036
AB4,65e4,0.35,0.39,-0.040000000000000036
PT12,65e4,0.38,0.39,-0.010000000000000009
AT7,65e4,0.19,0.39,-0.2
AB3,65e4,0.38,0.39,-0.010000000000000009
PT13,65e4,0.41,0.39,0.019999999999999962
AB7,65e4,0.35,0.39,-0.040000000000000036
TL5,65e4,0.43,0.39,0.03999999999999998
AT6,65e4,0.37,0.39,-0.020000000000000018
PR3,65e4,0.45,0.39,0.06
PR2,65e4,0.38,0.39,-0.010000000000000009
AT3,65e4,0.41,0.39,0.019999999999999962
TL14,65e4,0.43,0.39,0.03999999999999998
PR1,65e4,0.39,0.39,0
PB1,65e4,0.32,0.39,-0.07
PB6,65e4,0.42,0.39,0.02999999999999997
AL3,65e4,0.39,0.39,0
AT2,65e4,0.41,0.39,0.019999999999999962
AR3,65e4,0.43,0.39,0.03999999999999998
PB3,65e4,0.41,0.39,0.019999999999999962
PR4,65e4,0.38,0.39,-0.010000000000000009
AB2,65e4,0.4,0.39,0.010000000000000009
AT1,65e4,0.4,0.39,0.010000000000000009
TB5,65e4,0.35,0.39,-0.040000000000000036
AT5,65e4,0.38,0.39,-0.010000000000000009
TB7,65e4,0.42,0.39,0.02999999999999997
PB9,65e4,0.5,0.39,0.10999999999999999
W,65e4,0.43,0.39,0.03999999999999998
GR1,675e3,0.41,0.39,0.019999999999999962
PT10,675e3,0.39,0.39,0
TL13,675e3,0.37,0.39,-0.020000000000000018
PT5,675e3,0.41,0.39,0.019999999999999962
PB7,675e3,0.42,0.39,0.02999999999999997
PT11,675e3,0.42,0.39,0.02999999999999997
AR2,675e3,0.37,0.39,-0.020000000000000018
TR7,675e3,0.34,0.39,-0.04999999999999999
TR2,675e3,0.25,0.39,-0.14
AR6,675e3,0.4,0.39,0.010000000000000009
TR8,675e3,0.34,0.39,-0.04999999999999999
AB5,675e3,0.48,0.39,0.08999999999999997
PB14,675e3,0.3,0.39,-0.09000000000000002
AR7,675e3,0.41,0.39,0.019999999999999962
TB6,675e3,0.42,0.39,0.02999999999999997
TL9,675e3,0.45,0.39,0.06
PB8,675e3,0.36,0.39,-0.030000000000000027
PT3,675e3,0.33,0.39,-0.06
TT7,675e3,0.45,0.39,0.06
GB1,675e3,0.38,0.39,-0.010000000000000009
GT1,675e3,0.39,0.39,0
GL1,675e3,0.36,0.39,-0.030000000000000027
TL7,675e3,0.39,0.39,0
AB6,675e3,0.35,0.39,-0.040000000000000036
AB4,675e3,0.35,0.39,-0.040000000000000036
PT12,675e3,0.38,0.39,-0.010000000000000009
AT7,675e3,0.19,0.39,-0.2
AB3,675e3,0.38,0.39,-0.010000000000000009
PT13,675e3,0.41,0.39,0.019999999999999962
AB7,675e3,0.35,0.39,-0.040000000000000036
TL5,675e3,0.43,0.39,0.03999999999999998
AT6,675e3,0.37,0.39,-0.020000000000000018
PR3,675e3,0.45,0.39,0.06
PR2,675e3,0.38,0.39,-0.010000000000000009
AT3,675e3,0.41,0.39,0.019999999999999962
TL14,675e3,0.43,0.39,0.03999999999999998
PR1,675e3,0.39,0.39,0
PB1,675e3,0.32,0.39,-0.07
PB6,675e3,0.42,0.39,0.02999999999999997
AL3,675e3,0.39,0.39,0
AT2,675e3,0.41,0.39,0.019999999999999962
AR3,675e3,0.43,0.39,0.03999999999999998
PB3,675e3,0.41,0.39,0.019999999999999962
PR4,675e3,0.38,0.39,-0.010000000000000009
AB2,675e3,0.4,0.39,0.010000000000000009
AT1,675e3,0.4,0.39,0.010000000000000009
TB5,675e3,0.35,0.39,-0.040000000000000036
AT5,675e3,0.38,0.39,-0.010000000000000009
TB7,675e3,0.42,0.39,0.02999999999999997
PB9,675e3,0.5,0.39,0.10999999999999999
W,675e3,0.43,0.39,0.03999999999999998
GR1,7e5,0.41,0.4,0.009999999999999953
PT10,7e5,0.39,0.4,-0.010000000000000009
TL13,7e5,0.37,0.4,-0.030000000000000027
PT5,7e5,0.41,0.4,0.009999999999999953
PB7,7e5,0.42,0.4,0.019999999999999962
PT11,7e5,0.42,0.4,0.019999999999999962
AR2,7e5,0.37,0.4,-0.030000000000000027
TR7,7e5,0.34,0.4,-0.06
TR2,7e5,0.25,0.4,-0.15000000000000002
AR6,7e5,0.4,0.4,0
TR8,7e5,0.34,0.4,-0.06
AB5,7e5,0.48,0.4,0.07999999999999996
PB14,7e5,0.3,0.4,-0.10000000000000003
AR7,7e5,0.41,0.4,0.009999999999999953
TB6,7e5,0.42,0.4,0.019999999999999962
TL9,7e5,0.45,0.4,0.04999999999999999
PB8,7e5,0.36,0.4,-0.040000000000000036
PT3,7e5,0.33,0.4,-0.07
TT7,7e5,0.45,0.4,0.04999999999999999
GB1,7e5,0.39,0.4,-0.010000000000000009
GT1,7e5,0.39,0.4,-0.010000000000000009
GL1,7e5,0.36,0.4,-0.040000000000000036
TL7,7e5,0.4,0.4,0
AB6,7e5,0.35,0.4,-0.050000000000000044
AB4,7e5,0.35,0.4,-0.050000000000000044
PT12,7e5,0.38,0.4,-0.020000000000000018
AT7,7e5,0.19,0.4,-0.21000000000000002
AB3,7e5,0.38,0.4,-0.020000000000000018
PT13,7e5,0.41,0.4,0.009999999999999953
AB7,7e5,0.36,0.4,-0.040000000000000036
TL5,7e5,0.45,0.4,0.04999999999999999
AT6,7e5,0.39,0.4,-0.010000000000000009
PR3,7e5,0.45,0.4,0.04999999999999999
PR2,7e5,0.38,0.4,-0.020000000000000018
AT3,7e5,0.42,0.4,0.019999999999999962
TL14,7e5,0.43,0.4,0.02999999999999997
PR1,7e5,0.39,0.4,-0.010000000000000009
PB1,7e5,0.32,0.4,-0.08000000000000002
PB6,7e5,0.42,0.4,0.019999999999999962
AL3,7e5,0.39,0.4,-0.010000000000000009
AT2,7e5,0.42,0.4,0.019999999999999962
AR3,7e5,0.43,0.4,0.02999999999999997
PB3,7e5,0.41,0.4,0.009999999999999953
PR4,7e5,0.38,0.4,-0.020000000000000018
AB2,7e5,0.4,0.4,0
AT1,7e5,0.4,0.4,0
TB5,7e5,0.35,0.4,-0.050000000000000044
AT5,7e5,0.38,0.4,-0.020000000000000018
TB7,7e5,0.42,0.4,0.019999999999999962
PB9,7e5,0.5,0.4,0.09999999999999998
W,7e5,0.43,0.4,0.02999999999999997
GR1,725e3,0.41,0.4,0.009999999999999953
PT10,725e3,0.39,0.4,-0.010000000000000009
TL13,725e3,0.37,0.4,-0.030000000000000027
PT5,725e3,0.41,0.4,0.009999999999999953
PB7,725e3,0.42,0.4,0.019999999999999962
PT11,725e3,0.42,0.4,0.019999999999999962
AR2,725e3,0.37,0.4,-0.030000000000000027
TR7,725e3,0.34,0.4,-0.06
TR2,725e3,0.25,0.4,-0.15000000000000002
AR6,725e3,0.4,0.4,0
TR8,725e3,0.34,0.4,-0.06
AB5,725e3,0.5,0.4,0.09999999999999998
PB14,725e3,0.3,0.4,-0.10000000000000003
AR7,725e3,0.41,0.4,0.009999999999999953
TB6,725e3,0.43,0.4,0.02999999999999997
TL9,725e3,0.45,0.4,0.04999999999999999
PB8,725e3,0.36,0.4,-0.040000000000000036
PT3,725e3,0.33,0.4,-0.07
TT7,725e3,0.45,0.4,0.04999999999999999
GB1,725e3,0.39,0.4,-0.010000000000000009
GT1,725e3,0.39,0.4,-0.010000000000000009
GL1,725e3,0.37,0.4,-0.030000000000000027
TL7,725e3,0.4,0.4,0
AB6,725e3,0.35,0.4,-0.050000000000000044
AB4,725e3,0.35,0.4,-0.050000000000000044
PT12,725e3,0.38,0.4,-0.020000000000000018
AT7,725e3,0.19,0.4,-0.21000000000000002
AB3,725e3,0.38,0.4,-0.020000000000000018
PT13,725e3,0.41,0.4,0.009999999999999953
AB7,725e3,0.36,0.4,-0.040000000000000036
TL5,725e3,0.45,0.4,0.04999999999999999
AT6,725e3,0.39,0.4,-0.010000000000000009
PR3,725e3,0.45,0.4,0.04999999999999999
PR2,725e3,0.38,0.4,-0.020000000000000018
AT3,725e3,0.42,0.4,0.019999999999999962
TL14,725e3,0.43,0.4,0.02999999999999997
PR1,725e3,0.39,0.4,-0.010000000000000009
PB1,725e3,0.32,0.4,-0.08000000000000002
PB6,725e3,0.42,0.4,0.019999999999999962
AL3,725e3,0.39,0.4,-0.010000000000000009
AT2,725e3,0.42,0.4,0.019999999999999962
AR3,725e3,0.43,0.4,0.02999999999999997
PB3,725e3,0.41,0.4,0.009999999999999953
PR4,725e3,0.38,0.4,-0.020000000000000018
AB2,725e3,0.4,0.4,0
AT1,725e3,0.4,0.4,0
TB5,725e3,0.35,0.4,-0.050000000000000044
AT5,725e3,0.38,0.4,-0.020000000000000018
TB7,725e3,0.42,0.4,0.019999999999999962
PB9,725e3,0.5,0.4,0.09999999999999998
W,725e3,0.44,0.4,0.03999999999999998
GR1,75e4,0.41,0.4,0.009999999999999953
PT10,75e4,0.39,0.4,-0.010000000000000009
TL13,75e4,0.37,0.4,-0.030000000000000027
PT5,75e4,0.41,0.4,0.009999999999999953
PB7,75e4,0.42,0.4,0.019999999999999962
PT11,75e4,0.42,0.4,0.019999999999999962
AR2,75e4,0.37,0.4,-0.030000000000000027
TR7,75e4,0.34,0.4,-0.06
TR2,75e4,0.25,0.4,-0.15000000000000002
AR6,75e4,0.4,0.4,0
TR8,75e4,0.36,0.4,-0.040000000000000036
AB5,75e4,0.5,0.4,0.09999999999999998
PB14,75e4,0.3,0.4,-0.10000000000000003
AR7,75e4,0.41,0.4,0.009999999999999953
TB6,75e4,0.43,0.4,0.02999999999999997
TL9,75e4,0.45,0.4,0.04999999999999999
PB8,75e4,0.38,0.4,-0.020000000000000018
PT3,75e4,0.37,0.4,-0.030000000000000027
TT7,75e4,0.47,0.4,0.06999999999999995
GB1,75e4,0.39,0.4,-0.010000000000000009
GT1,75e4,0.4,0.4,0
GL1,75e4,0.37,0.4,-0.030000000000000027
TL7,75e4,0.4,0.4,0
AB6,75e4,0.35,0.4,-0.050000000000000044
AB4,75e4,0.35,0.4,-0.050000000000000044
PT12,75e4,0.38,0.4,-0.020000000000000018
AT7,75e4,0.19,0.4,-0.21000000000000002
AB3,75e4,0.39,0.4,-0.010000000000000009
PT13,75e4,0.41,0.4,0.009999999999999953
AB7,75e4,0.36,0.4,-0.040000000000000036
TL5,75e4,0.45,0.4,0.04999999999999999
AT6,75e4,0.39,0.4,-0.010000000000000009
PR3,75e4,0.45,0.4,0.04999999999999999
PR2,75e4,0.38,0.4,-0.020000000000000018
AT3,75e4,0.42,0.4,0.019999999999999962
TL14,75e4,0.45,0.4,0.04999999999999999
PR1,75e4,0.39,0.4,-0.010000000000000009
PB1,75e4,0.34,0.4,-0.06
PB6,75e4,0.43,0.4,0.02999999999999997
AL3,75e4,0.41,0.4,0.009999999999999953
AT2,75e4,0.42,0.4,0.019999999999999962
AR3,75e4,0.43,0.4,0.02999999999999997
PB3,75e4,0.41,0.4,0.009999999999999953
PR4,75e4,0.38,0.4,-0.020000000000000018
AB2,75e4,0.4,0.4,0
AT1,75e4,0.4,0.4,0
TB5,75e4,0.35,0.4,-0.050000000000000044
AT5,75e4,0.38,0.4,-0.020000000000000018
TB7,75e4,0.42,0.4,0.019999999999999962
PB9,75e4,0.5,0.4,0.09999999999999998
W,75e4,0.44,0.4,0.03999999999999998
GR1,775e3,0.41,0.4,0.009999999999999953
PT10,775e3,0.39,0.4,-0.010000000000000009
TL13,775e3,0.37,0.4,-0.030000000000000027
PT5,775e3,0.41,0.4,0.009999999999999953
PB7,775e3,0.42,0.4,0.019999999999999962
PT11,775e3,0.42,0.4,0.019999999999999962
AR2,775e3,0.37,0.4,-0.030000000000000027
TR7,775e3,0.34,0.4,-0.06
TR2,775e3,0.25,0.4,-0.15000000000000002
AR6,775e3,0.4,0.4,0
TR8,775e3,0.36,0.4,-0.040000000000000036
AB5,775e3,0.5,0.4,0.09999999999999998
PB14,775e3,0.3,0.4,-0.10000000000000003
AR7,775e3,0.41,0.4,0.009999999999999953
TB6,775e3,0.43,0.4,0.02999999999999997
TL9,775e3,0.45,0.4,0.04999999999999999
PB8,775e3,0.38,0.4,-0.020000000000000018
PT3,775e3,0.37,0.4,-0.030000000000000027
TT7,775e3,0.47,0.4,0.06999999999999995
GB1,775e3,0.39,0.4,-0.010000000000000009
GT1,775e3,0.4,0.4,0
GL1,775e3,0.37,0.4,-0.030000000000000027
TL7,775e3,0.4,0.4,0
AB6,775e3,0.35,0.4,-0.050000000000000044
AB4,775e3,0.35,0.4,-0.050000000000000044
PT12,775e3,0.38,0.4,-0.020000000000000018
AT7,775e3,0.19,0.4,-0.21000000000000002
AB3,775e3,0.39,0.4,-0.010000000000000009
PT13,775e3,0.41,0.4,0.009999999999999953
AB7,775e3,0.36,0.4,-0.040000000000000036
TL5,775e3,0.45,0.4,0.04999999999999999
AT6,775e3,0.39,0.4,-0.010000000000000009
PR3,775e3,0.45,0.4,0.04999999999999999
PR2,775e3,0.38,0.4,-0.020000000000000018
AT3,775e3,0.42,0.4,0.019999999999999962
TL14,775e3,0.45,0.4,0.04999999999999999
PR1,775e3,0.39,0.4,-0.010000000000000009
PB1,775e3,0.34,0.4,-0.06
PB6,775e3,0.43,0.4,0.02999999999999997
AL3,775e3,0.41,0.4,0.009999999999999953
AT2,775e3,0.42,0.4,0.019999999999999962
AR3,775e3,0.43,0.4,0.02999999999999997
PB3,775e3,0.41,0.4,0.009999999999999953
PR4,775e3,0.38,0.4,-0.020000000000000018
AB2,775e3,0.4,0.4,0
AT1,775e3,0.4,0.4,0
TB5,775e3,0.35,0.4,-0.050000000000000044
AT5,775e3,0.38,0.4,-0.020000000000000018
TB7,775e3,0.42,0.4,0.019999999999999962
PB9,775e3,0.5,0.4,0.09999999999999998
W,775e3,0.44,0.4,0.03999999999999998
GR1,8e5,0.41,0.4,0.009999999999999953
PT10,8e5,0.39,0.4,-0.010000000000000009
TL13,8e5,0.37,0.4,-0.030000000000000027
PT5,8e5,0.41,0.4,0.009999999999999953
PB7,8e5,0.42,0.4,0.019999999999999962
PT11,8e5,0.42,0.4,0.019999999999999962
AR2,8e5,0.37,0.4,-0.030000000000000027
TR7,8e5,0.34,0.4,-0.06
TR2,8e5,0.25,0.4,-0.15000000000000002
AR6,8e5,0.4,0.4,0
TR8,8e5,0.36,0.4,-0.040000000000000036
AB5,8e5,0.5,0.4,0.09999999999999998
PB14,8e5,0.3,0.4,-0.10000000000000003
AR7,8e5,0.41,0.4,0.009999999999999953
TB6,8e5,0.44,0.4,0.03999999999999998
TL9,8e5,0.45,0.4,0.04999999999999999
PB8,8e5,0.38,0.4,-0.020000000000000018
PT3,8e5,0.37,0.4,-0.030000000000000027
TT7,8e5,0.47,0.4,0.06999999999999995
GB1,8e5,0.39,0.4,-0.010000000000000009
GT1,8e5,0.4,0.4,0
GL1,8e5,0.37,0.4,-0.030000000000000027
TL7,8e5,0.4,0.4,0
AB6,8e5,0.35,0.4,-0.050000000000000044
AB4,8e5,0.35,0.4,-0.050000000000000044
PT12,8e5,0.38,0.4,-0.020000000000000018
AT7,8e5,0.19,0.4,-0.21000000000000002
AB3,8e5,0.41,0.4,0.009999999999999953
PT13,8e5,0.41,0.4,0.009999999999999953
AB7,8e5,0.37,0.4,-0.030000000000000027
TL5,8e5,0.45,0.4,0.04999999999999999
AT6,8e5,0.41,0.4,0.009999999999999953
PR3,8e5,0.45,0.4,0.04999999999999999
PR2,8e5,0.39,0.4,-0.010000000000000009
AT3,8e5,0.43,0.4,0.02999999999999997
TL14,8e5,0.45,0.4,0.04999999999999999
PR1,8e5,0.39,0.4,-0.010000000000000009
PB1,8e5,0.34,0.4,-0.06
PB6,8e5,0.43,0.4,0.02999999999999997
AL3,8e5,0.41,0.4,0.009999999999999953
AT2,8e5,0.43,0.4,0.02999999999999997
AR3,8e5,0.43,0.4,0.02999999999999997
PB3,8e5,0.42,0.4,0.019999999999999962
PR4,8e5,0.38,0.4,-0.020000000000000018
AB2,8e5,0.4,0.4,0
AT1,8e5,0.41,0.4,0.009999999999999953
TB5,8e5,0.35,0.4,-0.050000000000000044
AT5,8e5,0.39,0.4,-0.010000000000000009
TB7,8e5,0.42,0.4,0.019999999999999962
PB9,8e5,0.5,0.4,0.09999999999999998
W,8e5,0.44,0.4,0.03999999999999998
GR1,85e4,0.42,0.4,0.019999999999999962
PT10,85e4,0.39,0.4,-0.010000000000000009
TL13,85e4,0.37,0.4,-0.030000000000000027
PT5,85e4,0.41,0.4,0.009999999999999953
PB7,85e4,0.42,0.4,0.019999999999999962
PT11,85e4,0.42,0.4,0.019999999999999962
AR2,85e4,0.38,0.4,-0.020000000000000018
TR7,85e4,0.34,0.4,-0.06
TR2,85e4,0.25,0.4,-0.15000000000000002
AR6,85e4,0.4,0.4,0
TR8,85e4,0.37,0.4,-0.030000000000000027
AB5,85e4,0.5,0.4,0.09999999999999998
PB14,85e4,0.3,0.4,-0.10000000000000003
AR7,85e4,0.41,0.4,0.009999999999999953
TB6,85e4,0.44,0.4,0.03999999999999998
TL9,85e4,0.45,0.4,0.04999999999999999
PB8,85e4,0.38,0.4,-0.020000000000000018
PT3,85e4,0.37,0.4,-0.030000000000000027
TT7,85e4,0.47,0.4,0.06999999999999995
GB1,85e4,0.39,0.4,-0.010000000000000009
GT1,85e4,0.4,0.4,0
GL1,85e4,0.38,0.4,-0.020000000000000018
TL7,85e4,0.4,0.4,0
AB6,85e4,0.35,0.4,-0.050000000000000044
AB4,85e4,0.35,0.4,-0.050000000000000044
PT12,85e4,0.38,0.4,-0.020000000000000018
AT7,85e4,0.19,0.4,-0.21000000000000002
AB3,85e4,0.41,0.4,0.009999999999999953
PT13,85e4,0.41,0.4,0.009999999999999953
AB7,85e4,0.37,0.4,-0.030000000000000027
TL5,85e4,0.45,0.4,0.04999999999999999
AT6,85e4,0.41,0.4,0.009999999999999953
PR3,85e4,0.45,0.4,0.04999999999999999
PR2,85e4,0.39,0.4,-0.010000000000000009
AT3,85e4,0.43,0.4,0.02999999999999997
TL14,85e4,0.45,0.4,0.04999999999999999
PR1,85e4,0.39,0.4,-0.010000000000000009
PB1,85e4,0.34,0.4,-0.06
PB6,85e4,0.43,0.4,0.02999999999999997
AL3,85e4,0.41,0.4,0.009999999999999953
AT2,85e4,0.43,0.4,0.02999999999999997
AR3,85e4,0.43,0.4,0.02999999999999997
PB3,85e4,0.42,0.4,0.019999999999999962
PR4,85e4,0.38,0.4,-0.020000000000000018
AB2,85e4,0.4,0.4,0
AT1,85e4,0.41,0.4,0.009999999999999953
TB5,85e4,0.35,0.4,-0.050000000000000044
AT5,85e4,0.39,0.4,-0.010000000000000009
TB7,85e4,0.42,0.4,0.019999999999999962
PB9,85e4,0.5,0.4,0.09999999999999998
W,85e4,0.44,0.4,0.03999999999999998
GR1,875e3,0.42,0.41,0.010000000000000009
PT10,875e3,0.39,0.41,-0.019999999999999962
TL13,875e3,0.37,0.41,-0.03999999999999998
PT5,875e3,0.41,0.41,0
PB7,875e3,0.42,0.41,0.010000000000000009
PT11,875e3,0.42,0.41,0.010000000000000009
AR2,875e3,0.38,0.41,-0.02999999999999997
TR7,875e3,0.34,0.41,-0.06999999999999995
TR2,875e3,0.25,0.41,-0.15999999999999998
AR6,875e3,0.4,0.41,-0.009999999999999953
TR8,875e3,0.37,0.41,-0.03999999999999998
AB5,875e3,0.5,0.41,0.09000000000000002
PB14,875e3,0.3,0.41,-0.10999999999999999
AR7,875e3,0.41,0.41,0
TB6,875e3,0.44,0.41,0.030000000000000027
TL9,875e3,0.45,0.41,0.040000000000000036
PB8,875e3,0.38,0.41,-0.02999999999999997
PT3,875e3,0.37,0.41,-0.03999999999999998
TT7,875e3,0.47,0.41,0.06
GB1,875e3,0.39,0.41,-0.019999999999999962
GT1,875e3,0.41,0.41,0
GL1,875e3,0.38,0.41,-0.02999999999999997
TL7,875e3,0.4,0.41,-0.009999999999999953
AB6,875e3,0.35,0.41,-0.06
AB4,875e3,0.35,0.41,-0.06
PT12,875e3,0.38,0.41,-0.02999999999999997
AT7,875e3,0.19,0.41,-0.21999999999999997
AB3,875e3,0.41,0.41,0
PT13,875e3,0.41,0.41,0
AB7,875e3,0.37,0.41,-0.03999999999999998
TL5,875e3,0.45,0.41,0.040000000000000036
AT6,875e3,0.41,0.41,0
PR3,875e3,0.45,0.41,0.040000000000000036
PR2,875e3,0.4,0.41,-0.009999999999999953
AT3,875e3,0.43,0.41,0.020000000000000018
TL14,875e3,0.45,0.41,0.040000000000000036
PR1,875e3,0.39,0.41,-0.019999999999999962
PB1,875e3,0.34,0.41,-0.06999999999999995
PB6,875e3,0.43,0.41,0.020000000000000018
AL3,875e3,0.41,0.41,0
AT2,875e3,0.43,0.41,0.020000000000000018
AR3,875e3,0.43,0.41,0.020000000000000018
PB3,875e3,0.42,0.41,0.010000000000000009
PR4,875e3,0.38,0.41,-0.02999999999999997
AB2,875e3,0.4,0.41,-0.009999999999999953
AT1,875e3,0.41,0.41,0
TB5,875e3,0.35,0.41,-0.06
AT5,875e3,0.39,0.41,-0.019999999999999962
TB7,875e3,0.42,0.41,0.010000000000000009
PB9,875e3,0.5,0.41,0.09000000000000002
W,875e3,0.44,0.41,0.030000000000000027
GR1,9e5,0.42,0.41,0.010000000000000009
PT10,9e5,0.39,0.41,-0.019999999999999962
TL13,9e5,0.37,0.41,-0.03999999999999998
PT5,9e5,0.41,0.41,0
PB7,9e5,0.42,0.41,0.010000000000000009
PT11,9e5,0.42,0.41,0.010000000000000009
AR2,9e5,0.38,0.41,-0.02999999999999997
TR7,9e5,0.34,0.41,-0.06999999999999995
TR2,9e5,0.25,0.41,-0.15999999999999998
AR6,9e5,0.4,0.41,-0.009999999999999953
TR8,9e5,0.37,0.41,-0.03999999999999998
AB5,9e5,0.5,0.41,0.09000000000000002
PB14,9e5,0.3,0.41,-0.10999999999999999
AR7,9e5,0.41,0.41,0
TB6,9e5,0.45,0.41,0.040000000000000036
TL9,9e5,0.45,0.41,0.040000000000000036
PB8,9e5,0.38,0.41,-0.02999999999999997
PT3,9e5,0.39,0.41,-0.019999999999999962
TT7,9e5,0.47,0.41,0.06
GB1,9e5,0.39,0.41,-0.019999999999999962
GT1,9e5,0.41,0.41,0
GL1,9e5,0.38,0.41,-0.02999999999999997
TL7,9e5,0.4,0.41,-0.009999999999999953
AB6,9e5,0.35,0.41,-0.06
AB4,9e5,0.35,0.41,-0.06
PT12,9e5,0.38,0.41,-0.02999999999999997
AT7,9e5,0.19,0.41,-0.21999999999999997
AB3,9e5,0.42,0.41,0.010000000000000009
PT13,9e5,0.41,0.41,0
AB7,9e5,0.37,0.41,-0.03999999999999998
TL5,9e5,0.45,0.41,0.040000000000000036
AT6,9e5,0.43,0.41,0.020000000000000018
PR3,9e5,0.45,0.41,0.040000000000000036
PR2,9e5,0.4,0.41,-0.009999999999999953
AT3,9e5,0.44,0.41,0.030000000000000027
TL14,9e5,0.45,0.41,0.040000000000000036
PR1,9e5,0.39,0.41,-0.019999999999999962
PB1,9e5,0.34,0.41,-0.06999999999999995
PB6,9e5,0.43,0.41,0.020000000000000018
AL3,9e5,0.41,0.41,0
AT2,9e5,0.44,0.41,0.030000000000000027
AR3,9e5,0.43,0.41,0.020000000000000018
PB3,9e5,0.42,0.41,0.010000000000000009
PR4,9e5,0.38,0.41,-0.02999999999999997
AB2,9e5,0.4,0.41,-0.009999999999999953
AT1,9e5,0.41,0.41,0
TB5,9e5,0.35,0.41,-0.06
AT5,9e5,0.39,0.41,-0.019999999999999962
TB7,9e5,0.42,0.41,0.010000000000000009
PB9,9e5,0.5,0.41,0.09000000000000002
W,9e5,0.45,0.41,0.040000000000000036
GR1,95e4,0.42,0.41,0.010000000000000009
PT10,95e4,0.39,0.41,-0.019999999999999962
TL13,95e4,0.42,0.41,0.010000000000000009
PT5,95e4,0.41,0.41,0
PB7,95e4,0.42,0.41,0.010000000000000009
PT11,95e4,0.42,0.41,0.010000000000000009
AR2,95e4,0.38,0.41,-0.02999999999999997
TR7,95e4,0.34,0.41,-0.06999999999999995
TR2,95e4,0.25,0.41,-0.15999999999999998
AR6,95e4,0.4,0.41,-0.009999999999999953
TR8,95e4,0.37,0.41,-0.03999999999999998
AB5,95e4,0.5,0.41,0.09000000000000002
PB14,95e4,0.3,0.41,-0.10999999999999999
AR7,95e4,0.41,0.41,0
TB6,95e4,0.45,0.41,0.040000000000000036
TL9,95e4,0.45,0.41,0.040000000000000036
PB8,95e4,0.38,0.41,-0.02999999999999997
PT3,95e4,0.39,0.41,-0.019999999999999962
TT7,95e4,0.47,0.41,0.06
GB1,95e4,0.41,0.41,0
GT1,95e4,0.41,0.41,0
GL1,95e4,0.39,0.41,-0.019999999999999962
TL7,95e4,0.4,0.41,-0.009999999999999953
AB6,95e4,0.35,0.41,-0.06
AB4,95e4,0.35,0.41,-0.06
PT12,95e4,0.38,0.41,-0.02999999999999997
AT7,95e4,0.19,0.41,-0.21999999999999997
AB3,95e4,0.42,0.41,0.010000000000000009
PT13,95e4,0.41,0.41,0
AB7,95e4,0.37,0.41,-0.03999999999999998
TL5,95e4,0.45,0.41,0.040000000000000036
AT6,95e4,0.43,0.41,0.020000000000000018
PR3,95e4,0.45,0.41,0.040000000000000036
PR2,95e4,0.4,0.41,-0.009999999999999953
AT3,95e4,0.44,0.41,0.030000000000000027
TL14,95e4,0.45,0.41,0.040000000000000036
PR1,95e4,0.39,0.41,-0.019999999999999962
PB1,95e4,0.34,0.41,-0.06999999999999995
PB6,95e4,0.43,0.41,0.020000000000000018
AL3,95e4,0.41,0.41,0
AT2,95e4,0.44,0.41,0.030000000000000027
AR3,95e4,0.43,0.41,0.020000000000000018
PB3,95e4,0.42,0.41,0.010000000000000009
PR4,95e4,0.38,0.41,-0.02999999999999997
AB2,95e4,0.4,0.41,-0.009999999999999953
AT1,95e4,0.41,0.41,0
TB5,95e4,0.35,0.41,-0.06
AT5,95e4,0.39,0.41,-0.019999999999999962
TB7,95e4,0.42,0.41,0.010000000000000009
PB9,95e4,0.5,0.41,0.09000000000000002
W,95e4,0.45,0.41,0.040000000000000036
GR1,1e6,0.42,0.41,0.010000000000000009
PT10,1e6,0.39,0.41,-0.019999999999999962
TL13,1e6,0.42,0.41,0.010000000000000009
PT5,1e6,0.41,0.41,0
PB7,1e6,0.42,0.41,0.010000000000000009
PT11,1e6,0.42,0.41,0.010000000000000009
AR2,1e6,0.38,0.41,-0.02999999999999997
TR7,1e6,0.34,0.41,-0.06999999999999995
TR2,1e6,0.25,0.41,-0.15999999999999998
AR6,1e6,0.4,0.41,-0.009999999999999953
TR8,1e6,0.38,0.41,-0.02999999999999997
AB5,1e6,0.6,0.41,0.19
PB14,1e6,0.3,0.41,-0.10999999999999999
AR7,1e6,0.41,0.41,0
TB6,1e6,0.45,0.41,0.040000000000000036
TL9,1e6,0.45,0.41,0.040000000000000036
PB8,1e6,0.41,0.41,0
PT3,1e6,0.42,0.41,0.010000000000000009
TT7,1e6,0.48,0.41,0.07
GB1,1e6,0.41,0.41,0
GT1,1e6,0.42,0.41,0.010000000000000009
GL1,1e6,0.39,0.41,-0.019999999999999962
TL7,1e6,0.41,0.41,0
AB6,1e6,0.4,0.41,-0.009999999999999953
AB4,1e6,0.35,0.41,-0.06
PT12,1e6,0.38,0.41,-0.02999999999999997
AT7,1e6,0.19,0.41,-0.21999999999999997
AB3,1e6,0.44,0.41,0.030000000000000027
PT13,1e6,0.41,0.41,0
AB7,1e6,0.37,0.41,-0.03999999999999998
TL5,1e6,0.45,0.41,0.040000000000000036
AT6,1e6,0.45,0.41,0.040000000000000036
PR3,1e6,0.45,0.41,0.040000000000000036
PR2,1e6,0.42,0.41,0.010000000000000009
AT3,1e6,0.45,0.41,0.040000000000000036
TL14,1e6,0.47,0.41,0.06
PR1,1e6,0.39,0.41,-0.019999999999999962
PB1,1e6,0.35,0.41,-0.06
PB6,1e6,0.44,0.41,0.030000000000000027
AL3,1e6,0.43,0.41,0.020000000000000018
AT2,1e6,0.45,0.41,0.040000000000000036
AR3,1e6,0.43,0.41,0.020000000000000018
PB3,1e6,0.43,0.41,0.020000000000000018
PR4,1e6,0.38,0.41,-0.02999999999999997
AB2,1e6,0.4,0.41,-0.009999999999999953
AT1,1e6,0.41,0.41,0
TB5,1e6,0.35,0.41,-0.06
AT5,1e6,0.39,0.41,-0.019999999999999962
TB7,1e6,0.44,0.41,0.030000000000000027
PB9,1e6,0.5,0.41,0.09000000000000002
W,1e6,0.45,0.41,0.040000000000000036
GR1,11e5,0.44,0.42,0.020000000000000018
PT10,11e5,0.39,0.42,-0.02999999999999997
TL13,11e5,0.42,0.42,0
PT5,11e5,0.41,0.42,-0.010000000000000009
PB7,11e5,0.42,0.42,0
PT11,11e5,0.42,0.42,0
AR2,11e5,0.4,0.42,-0.019999999999999962
TR7,11e5,0.34,0.42,-0.07999999999999996
TR2,11e5,0.25,0.42,-0.16999999999999998
AR6,11e5,0.4,0.42,-0.019999999999999962
TR8,11e5,0.38,0.42,-0.03999999999999998
AB5,11e5,0.6,0.42,0.18
PB14,11e5,0.3,0.42,-0.12
AR7,11e5,0.41,0.42,-0.010000000000000009
TB6,11e5,0.45,0.42,0.030000000000000027
TL9,11e5,0.45,0.42,0.030000000000000027
PB8,11e5,0.41,0.42,-0.010000000000000009
PT3,11e5,0.42,0.42,0
TT7,11e5,0.48,0.42,0.06
GB1,11e5,0.42,0.42,0
GT1,11e5,0.42,0.42,0
GL1,11e5,0.39,0.42,-0.02999999999999997
TL7,11e5,0.41,0.42,-0.010000000000000009
AB6,11e5,0.4,0.42,-0.019999999999999962
AB4,11e5,0.35,0.42,-0.07
PT12,11e5,0.38,0.42,-0.03999999999999998
AT7,11e5,0.19,0.42,-0.22999999999999998
AB3,11e5,0.44,0.42,0.020000000000000018
PT13,11e5,0.41,0.42,-0.010000000000000009
AB7,11e5,0.39,0.42,-0.02999999999999997
TL5,11e5,0.45,0.42,0.030000000000000027
AT6,11e5,0.46,0.42,0.040000000000000036
PR3,11e5,0.45,0.42,0.030000000000000027
PR2,11e5,0.42,0.42,0
AT3,11e5,0.45,0.42,0.030000000000000027
TL14,11e5,0.47,0.42,0.04999999999999999
PR1,11e5,0.39,0.42,-0.02999999999999997
PB1,11e5,0.35,0.42,-0.07
PB6,11e5,0.44,0.42,0.020000000000000018
AL3,11e5,0.43,0.42,0.010000000000000009
AT2,11e5,0.46,0.42,0.040000000000000036
AR3,11e5,0.43,0.42,0.010000000000000009
PB3,11e5,0.43,0.42,0.010000000000000009
PR4,11e5,0.38,0.42,-0.03999999999999998
AB2,11e5,0.4,0.42,-0.019999999999999962
AT1,11e5,0.41,0.42,-0.010000000000000009
TB5,11e5,0.35,0.42,-0.07
AT5,11e5,0.41,0.42,-0.010000000000000009
TB7,11e5,0.44,0.42,0.020000000000000018
PB9,11e5,0.5,0.42,0.08000000000000002
W,11e5,0.45,0.42,0.030000000000000027
GR1,125e4,0.44,0.42,0.020000000000000018
PT10,125e4,0.39,0.42,-0.02999999999999997
TL13,125e4,0.42,0.42,0
PT5,125e4,0.41,0.42,-0.010000000000000009
PB7,125e4,0.42,0.42,0
PT11,125e4,0.42,0.42,0
AR2,125e4,0.4,0.42,-0.019999999999999962
TR7,125e4,0.34,0.42,-0.07999999999999996
TR2,125e4,0.25,0.42,-0.16999999999999998
AR6,125e4,0.4,0.42,-0.019999999999999962
TR8,125e4,0.39,0.42,-0.02999999999999997
AB5,125e4,0.6,0.42,0.18
PB14,125e4,0.3,0.42,-0.12
AR7,125e4,0.41,0.42,-0.010000000000000009
TB6,125e4,0.45,0.42,0.030000000000000027
TL9,125e4,0.45,0.42,0.030000000000000027
PB8,125e4,0.41,0.42,-0.010000000000000009
PT3,125e4,0.42,0.42,0
TT7,125e4,0.49,0.42,0.07
GB1,125e4,0.43,0.42,0.010000000000000009
GT1,125e4,0.44,0.42,0.020000000000000018
GL1,125e4,0.4,0.42,-0.019999999999999962
TL7,125e4,0.41,0.42,-0.010000000000000009
AB6,125e4,0.4,0.42,-0.019999999999999962
AB4,125e4,0.35,0.42,-0.07
PT12,125e4,0.38,0.42,-0.03999999999999998
AT7,125e4,0.19,0.42,-0.22999999999999998
AB3,125e4,0.44,0.42,0.020000000000000018
PT13,125e4,0.41,0.42,-0.010000000000000009
AB7,125e4,0.39,0.42,-0.02999999999999997
TL5,125e4,0.45,0.42,0.030000000000000027
AT6,125e4,0.47,0.42,0.04999999999999999
PR3,125e4,0.45,0.42,0.030000000000000027
PR2,125e4,0.42,0.42,0
AT3,125e4,0.46,0.42,0.040000000000000036
TL14,125e4,0.47,0.42,0.04999999999999999
PR1,125e4,0.39,0.42,-0.02999999999999997
PB1,125e4,0.35,0.42,-0.07
PB6,125e4,0.44,0.42,0.020000000000000018
AL3,125e4,0.43,0.42,0.010000000000000009
AT2,125e4,0.46,0.42,0.040000000000000036
AR3,125e4,0.43,0.42,0.010000000000000009
PB3,125e4,0.43,0.42,0.010000000000000009
PR4,125e4,0.38,0.42,-0.03999999999999998
AB2,125e4,0.4,0.42,-0.019999999999999962
AT1,125e4,0.41,0.42,-0.010000000000000009
TB5,125e4,0.35,0.42,-0.07
AT5,125e4,0.41,0.42,-0.010000000000000009
TB7,125e4,0.44,0.42,0.020000000000000018
PB9,125e4,0.5,0.42,0.08000000000000002
W,125e4,0.48,0.42,0.06
GR1,1275e3,0.44,0.42,0.020000000000000018
PT10,1275e3,0.39,0.42,-0.02999999999999997
TL13,1275e3,0.42,0.42,0
PT5,1275e3,0.41,0.42,-0.010000000000000009
PB7,1275e3,0.42,0.42,0
PT11,1275e3,0.42,0.42,0
AR2,1275e3,0.4,0.42,-0.019999999999999962
TR7,1275e3,0.34,0.42,-0.07999999999999996
TR2,1275e3,0.25,0.42,-0.16999999999999998
AR6,1275e3,0.4,0.42,-0.019999999999999962
TR8,1275e3,0.39,0.42,-0.02999999999999997
AB5,1275e3,0.6,0.42,0.18
PB14,1275e3,0.3,0.42,-0.12
AR7,1275e3,0.41,0.42,-0.010000000000000009
TB6,1275e3,0.45,0.42,0.030000000000000027
TL9,1275e3,0.45,0.42,0.030000000000000027
PB8,1275e3,0.41,0.42,-0.010000000000000009
PT3,1275e3,0.42,0.42,0
TT7,1275e3,0.49,0.42,0.07
GB1,1275e3,0.43,0.42,0.010000000000000009
GT1,1275e3,0.44,0.42,0.020000000000000018
GL1,1275e3,0.4,0.42,-0.019999999999999962
TL7,1275e3,0.41,0.42,-0.010000000000000009
AB6,1275e3,0.4,0.42,-0.019999999999999962
AB4,1275e3,0.35,0.42,-0.07
PT12,1275e3,0.38,0.42,-0.03999999999999998
AT7,1275e3,0.19,0.42,-0.22999999999999998
AB3,1275e3,0.44,0.42,0.020000000000000018
PT13,1275e3,0.41,0.42,-0.010000000000000009
AB7,1275e3,0.39,0.42,-0.02999999999999997
TL5,1275e3,0.45,0.42,0.030000000000000027
AT6,1275e3,0.47,0.42,0.04999999999999999
PR3,1275e3,0.45,0.42,0.030000000000000027
PR2,1275e3,0.42,0.42,0
AT3,1275e3,0.46,0.42,0.040000000000000036
TL14,1275e3,0.47,0.42,0.04999999999999999
PR1,1275e3,0.39,0.42,-0.02999999999999997
PB1,1275e3,0.35,0.42,-0.07
PB6,1275e3,0.44,0.42,0.020000000000000018
AL3,1275e3,0.43,0.42,0.010000000000000009
AT2,1275e3,0.46,0.42,0.040000000000000036
AR3,1275e3,0.43,0.42,0.010000000000000009
PB3,1275e3,0.43,0.42,0.010000000000000009
PR4,1275e3,0.38,0.42,-0.03999999999999998
AB2,1275e3,0.4,0.42,-0.019999999999999962
AT1,1275e3,0.41,0.42,-0.010000000000000009
TB5,1275e3,0.35,0.42,-0.07
AT5,1275e3,0.41,0.42,-0.010000000000000009
TB7,1275e3,0.44,0.42,0.020000000000000018
PB9,1275e3,0.5,0.42,0.08000000000000002
W,1275e3,0.48,0.42,0.06
GR1,13e5,0.44,0.42,0.020000000000000018
PT10,13e5,0.39,0.42,-0.02999999999999997
TL13,13e5,0.42,0.42,0
PT5,13e5,0.41,0.42,-0.010000000000000009
PB7,13e5,0.42,0.42,0
PT11,13e5,0.42,0.42,0
AR2,13e5,0.4,0.42,-0.019999999999999962
TR7,13e5,0.34,0.42,-0.07999999999999996
TR2,13e5,0.25,0.42,-0.16999999999999998
AR6,13e5,0.4,0.42,-0.019999999999999962
TR8,13e5,0.39,0.42,-0.02999999999999997
AB5,13e5,0.6,0.42,0.18
PB14,13e5,0.3,0.42,-0.12
AR7,13e5,0.41,0.42,-0.010000000000000009
TB6,13e5,0.45,0.42,0.030000000000000027
TL9,13e5,0.45,0.42,0.030000000000000027
PB8,13e5,0.41,0.42,-0.010000000000000009
PT3,13e5,0.42,0.42,0
TT7,13e5,0.49,0.42,0.07
GB1,13e5,0.43,0.42,0.010000000000000009
GT1,13e5,0.44,0.42,0.020000000000000018
GL1,13e5,0.4,0.42,-0.019999999999999962
TL7,13e5,0.41,0.42,-0.010000000000000009
AB6,13e5,0.4,0.42,-0.019999999999999962
AB4,13e5,0.35,0.42,-0.07
PT12,13e5,0.38,0.42,-0.03999999999999998
AT7,13e5,0.19,0.42,-0.22999999999999998
AB3,13e5,0.44,0.42,0.020000000000000018
PT13,13e5,0.41,0.42,-0.010000000000000009
AB7,13e5,0.39,0.42,-0.02999999999999997
TL5,13e5,0.45,0.42,0.030000000000000027
AT6,13e5,0.47,0.42,0.04999999999999999
PR3,13e5,0.45,0.42,0.030000000000000027
PR2,13e5,0.42,0.42,0
AT3,13e5,0.47,0.42,0.04999999999999999
TL14,13e5,0.47,0.42,0.04999999999999999
PR1,13e5,0.39,0.42,-0.02999999999999997
PB1,13e5,0.35,0.42,-0.07
PB6,13e5,0.44,0.42,0.020000000000000018
AL3,13e5,0.43,0.42,0.010000000000000009
AT2,13e5,0.47,0.42,0.04999999999999999
AR3,13e5,0.43,0.42,0.010000000000000009
PB3,13e5,0.43,0.42,0.010000000000000009
PR4,13e5,0.38,0.42,-0.03999999999999998
AB2,13e5,0.4,0.42,-0.019999999999999962
AT1,13e5,0.41,0.42,-0.010000000000000009
TB5,13e5,0.35,0.42,-0.07
AT5,13e5,0.44,0.42,0.020000000000000018
TB7,13e5,0.44,0.42,0.020000000000000018
PB9,13e5,0.5,0.42,0.08000000000000002
W,13e5,0.48,0.42,0.06
GR1,14e5,0.44,0.42,0.020000000000000018
PT10,14e5,0.39,0.42,-0.02999999999999997
TL13,14e5,0.42,0.42,0
PT5,14e5,0.41,0.42,-0.010000000000000009
PB7,14e5,0.42,0.42,0
PT11,14e5,0.42,0.42,0
AR2,14e5,0.4,0.42,-0.019999999999999962
TR7,14e5,0.34,0.42,-0.07999999999999996
TR2,14e5,0.25,0.42,-0.16999999999999998
AR6,14e5,0.4,0.42,-0.019999999999999962
TR8,14e5,0.39,0.42,-0.02999999999999997
AB5,14e5,0.6,0.42,0.18
PB14,14e5,0.3,0.42,-0.12
AR7,14e5,0.41,0.42,-0.010000000000000009
TB6,14e5,0.45,0.42,0.030000000000000027
TL9,14e5,0.45,0.42,0.030000000000000027
PB8,14e5,0.41,0.42,-0.010000000000000009
PT3,14e5,0.42,0.42,0
TT7,14e5,0.49,0.42,0.07
GB1,14e5,0.43,0.42,0.010000000000000009
GT1,14e5,0.44,0.42,0.020000000000000018
GL1,14e5,0.41,0.42,-0.010000000000000009
TL7,14e5,0.41,0.42,-0.010000000000000009
AB6,14e5,0.4,0.42,-0.019999999999999962
AB4,14e5,0.35,0.42,-0.07
PT12,14e5,0.38,0.42,-0.03999999999999998
AT7,14e5,0.19,0.42,-0.22999999999999998
AB3,14e5,0.44,0.42,0.020000000000000018
PT13,14e5,0.41,0.42,-0.010000000000000009
AB7,14e5,0.4,0.42,-0.019999999999999962
TL5,14e5,0.45,0.42,0.030000000000000027
AT6,14e5,0.47,0.42,0.04999999999999999
PR3,14e5,0.45,0.42,0.030000000000000027
PR2,14e5,0.42,0.42,0
AT3,14e5,0.47,0.42,0.04999999999999999
TL14,14e5,0.47,0.42,0.04999999999999999
PR1,14e5,0.39,0.42,-0.02999999999999997
PB1,14e5,0.35,0.42,-0.07
PB6,14e5,0.44,0.42,0.020000000000000018
AL3,14e5,0.43,0.42,0.010000000000000009
AT2,14e5,0.47,0.42,0.04999999999999999
AR3,14e5,0.43,0.42,0.010000000000000009
PB3,14e5,0.43,0.42,0.010000000000000009
PR4,14e5,0.38,0.42,-0.03999999999999998
AB2,14e5,0.4,0.42,-0.019999999999999962
AT1,14e5,0.41,0.42,-0.010000000000000009
TB5,14e5,0.35,0.42,-0.07
AT5,14e5,0.44,0.42,0.020000000000000018
TB7,14e5,0.44,0.42,0.020000000000000018
PB9,14e5,0.5,0.42,0.08000000000000002
W,14e5,0.48,0.42,0.06
GR1,15e5,0.44,0.42,0.020000000000000018
PT10,15e5,0.39,0.42,-0.02999999999999997
TL13,15e5,0.42,0.42,0
PT5,15e5,0.41,0.42,-0.010000000000000009
PB7,15e5,0.42,0.42,0
PT11,15e5,0.42,0.42,0
AR2,15e5,0.42,0.42,0
TR7,15e5,0.34,0.42,-0.07999999999999996
TR2,15e5,0.25,0.42,-0.16999999999999998
AR6,15e5,0.4,0.42,-0.019999999999999962
TR8,15e5,0.4,0.42,-0.019999999999999962
AB5,15e5,0.6,0.42,0.18
PB14,15e5,0.3,0.42,-0.12
AR7,15e5,0.41,0.42,-0.010000000000000009
TB6,15e5,0.45,0.42,0.030000000000000027
TL9,15e5,0.45,0.42,0.030000000000000027
PB8,15e5,0.41,0.42,-0.010000000000000009
PT3,15e5,0.42,0.42,0
TT7,15e5,0.5,0.42,0.08000000000000002
GB1,15e5,0.44,0.42,0.020000000000000018
GT1,15e5,0.46,0.42,0.040000000000000036
GL1,15e5,0.41,0.42,-0.010000000000000009
TL7,15e5,0.42,0.42,0
AB6,15e5,0.4,0.42,-0.019999999999999962
AB4,15e5,0.35,0.42,-0.07
PT12,15e5,0.38,0.42,-0.03999999999999998
AT7,15e5,0.19,0.42,-0.22999999999999998
AB3,15e5,0.45,0.42,0.030000000000000027
PT13,15e5,0.41,0.42,-0.010000000000000009
AB7,15e5,0.4,0.42,-0.019999999999999962
TL5,15e5,0.45,0.42,0.030000000000000027
AT6,15e5,0.47,0.42,0.04999999999999999
PR3,15e5,0.45,0.42,0.030000000000000027
PR2,15e5,0.42,0.42,0
AT3,15e5,0.48,0.42,0.06
TL14,15e5,0.47,0.42,0.04999999999999999
PR1,15e5,0.39,0.42,-0.02999999999999997
PB1,15e5,0.35,0.42,-0.07
PB6,15e5,0.45,0.42,0.030000000000000027
AL3,15e5,0.44,0.42,0.020000000000000018
AT2,15e5,0.47,0.42,0.04999999999999999
AR3,15e5,0.43,0.42,0.010000000000000009
PB3,15e5,0.43,0.42,0.010000000000000009
PR4,15e5,0.38,0.42,-0.03999999999999998
AB2,15e5,0.4,0.42,-0.019999999999999962
AT1,15e5,0.41,0.42,-0.010000000000000009
TB5,15e5,0.35,0.42,-0.07
AT5,15e5,0.44,0.42,0.020000000000000018
TB7,15e5,0.44,0.42,0.020000000000000018
PB9,15e5,0.5,0.42,0.08000000000000002
W,15e5,0.48,0.42,0.06
GR1,17e5,0.44,0.42,0.020000000000000018
PT10,17e5,0.39,0.42,-0.02999999999999997
TL13,17e5,0.42,0.42,0
PT5,17e5,0.41,0.42,-0.010000000000000009
PB7,17e5,0.42,0.42,0
PT11,17e5,0.42,0.42,0
AR2,17e5,0.42,0.42,0
TR7,17e5,0.34,0.42,-0.07999999999999996
TR2,17e5,0.25,0.42,-0.16999999999999998
AR6,17e5,0.4,0.42,-0.019999999999999962
TR8,17e5,0.4,0.42,-0.019999999999999962
AB5,17e5,0.6,0.42,0.18
PB14,17e5,0.3,0.42,-0.12
AR7,17e5,0.41,0.42,-0.010000000000000009
TB6,17e5,0.45,0.42,0.030000000000000027
TL9,17e5,0.45,0.42,0.030000000000000027
PB8,17e5,0.41,0.42,-0.010000000000000009
PT3,17e5,0.42,0.42,0
TT7,17e5,0.5,0.42,0.08000000000000002
GB1,17e5,0.44,0.42,0.020000000000000018
GT1,17e5,0.46,0.42,0.040000000000000036
GL1,17e5,0.41,0.42,-0.010000000000000009
TL7,17e5,0.42,0.42,0
AB6,17e5,0.4,0.42,-0.019999999999999962
AB4,17e5,0.35,0.42,-0.07
PT12,17e5,0.38,0.42,-0.03999999999999998
AT7,17e5,0.19,0.42,-0.22999999999999998
AB3,17e5,0.45,0.42,0.030000000000000027
PT13,17e5,0.41,0.42,-0.010000000000000009
AB7,17e5,0.4,0.42,-0.019999999999999962
TL5,17e5,0.45,0.42,0.030000000000000027
AT6,17e5,0.47,0.42,0.04999999999999999
PR3,17e5,0.45,0.42,0.030000000000000027
PR2,17e5,0.43,0.42,0.010000000000000009
AT3,17e5,0.48,0.42,0.06
TL14,17e5,0.47,0.42,0.04999999999999999
PR1,17e5,0.39,0.42,-0.02999999999999997
PB1,17e5,0.35,0.42,-0.07
PB6,17e5,0.45,0.42,0.030000000000000027
AL3,17e5,0.44,0.42,0.020000000000000018
AT2,17e5,0.47,0.42,0.04999999999999999
AR3,17e5,0.43,0.42,0.010000000000000009
PB3,17e5,0.43,0.42,0.010000000000000009
PR4,17e5,0.38,0.42,-0.03999999999999998
AB2,17e5,0.4,0.42,-0.019999999999999962
AT1,17e5,0.41,0.42,-0.010000000000000009
TB5,17e5,0.35,0.42,-0.07
AT5,17e5,0.44,0.42,0.020000000000000018
TB7,17e5,0.44,0.42,0.020000000000000018
PB9,17e5,0.5,0.42,0.08000000000000002
W,17e5,0.48,0.42,0.06
GR1,175e4,0.44,0.42,0.020000000000000018
PT10,175e4,0.39,0.42,-0.02999999999999997
TL13,175e4,0.42,0.42,0
PT5,175e4,0.41,0.42,-0.010000000000000009
PB7,175e4,0.42,0.42,0
PT11,175e4,0.42,0.42,0
AR2,175e4,0.42,0.42,0
TR7,175e4,0.34,0.42,-0.07999999999999996
TR2,175e4,0.25,0.42,-0.16999999999999998
AR6,175e4,0.4,0.42,-0.019999999999999962
TR8,175e4,0.4,0.42,-0.019999999999999962
AB5,175e4,0.6,0.42,0.18
PB14,175e4,0.3,0.42,-0.12
AR7,175e4,0.41,0.42,-0.010000000000000009
TB6,175e4,0.45,0.42,0.030000000000000027
TL9,175e4,0.45,0.42,0.030000000000000027
PB8,175e4,0.41,0.42,-0.010000000000000009
PT3,175e4,0.42,0.42,0
TT7,175e4,0.5,0.42,0.08000000000000002
GB1,175e4,0.44,0.42,0.020000000000000018
GT1,175e4,0.46,0.42,0.040000000000000036
GL1,175e4,0.41,0.42,-0.010000000000000009
TL7,175e4,0.42,0.42,0
AB6,175e4,0.4,0.42,-0.019999999999999962
AB4,175e4,0.35,0.42,-0.07
PT12,175e4,0.38,0.42,-0.03999999999999998
AT7,175e4,0.19,0.42,-0.22999999999999998
AB3,175e4,0.46,0.42,0.040000000000000036
PT13,175e4,0.41,0.42,-0.010000000000000009
AB7,175e4,0.4,0.42,-0.019999999999999962
TL5,175e4,0.45,0.42,0.030000000000000027
AT6,175e4,0.47,0.42,0.04999999999999999
PR3,175e4,0.45,0.42,0.030000000000000027
PR2,175e4,0.43,0.42,0.010000000000000009
AT3,175e4,0.48,0.42,0.06
TL14,175e4,0.47,0.42,0.04999999999999999
PR1,175e4,0.39,0.42,-0.02999999999999997
PB1,175e4,0.35,0.42,-0.07
PB6,175e4,0.45,0.42,0.030000000000000027
AL3,175e4,0.44,0.42,0.020000000000000018
AT2,175e4,0.47,0.42,0.04999999999999999
AR3,175e4,0.43,0.42,0.010000000000000009
PB3,175e4,0.43,0.42,0.010000000000000009
PR4,175e4,0.38,0.42,-0.03999999999999998
AB2,175e4,0.4,0.42,-0.019999999999999962
AT1,175e4,0.41,0.42,-0.010000000000000009
TB5,175e4,0.35,0.42,-0.07
AT5,175e4,0.46,0.42,0.040000000000000036
TB7,175e4,0.44,0.42,0.020000000000000018
PB9,175e4,0.5,0.42,0.08000000000000002
W,175e4,0.48,0.42,0.06
GR1,2e6,0.44,0.42,0.020000000000000018
PT10,2e6,0.39,0.42,-0.02999999999999997
TL13,2e6,0.42,0.42,0
PT5,2e6,0.41,0.42,-0.010000000000000009
PB7,2e6,0.42,0.42,0
PT11,2e6,0.42,0.42,0
AR2,2e6,0.42,0.42,0
TR7,2e6,0.34,0.42,-0.07999999999999996
TR2,2e6,0.25,0.42,-0.16999999999999998
AR6,2e6,0.4,0.42,-0.019999999999999962
TR8,2e6,0.4,0.42,-0.019999999999999962
AB5,2e6,0.6,0.42,0.18
PB14,2e6,0.3,0.42,-0.12
AR7,2e6,0.41,0.42,-0.010000000000000009
TB6,2e6,0.45,0.42,0.030000000000000027
TL9,2e6,0.45,0.42,0.030000000000000027
PB8,2e6,0.42,0.42,0
PT3,2e6,0.42,0.42,0
TT7,2e6,0.5,0.42,0.08000000000000002
GB1,2e6,0.45,0.42,0.030000000000000027
GT1,2e6,0.46,0.42,0.040000000000000036
GL1,2e6,0.42,0.42,0
TL7,2e6,0.46,0.42,0.040000000000000036
AB6,2e6,0.4,0.42,-0.019999999999999962
AB4,2e6,0.35,0.42,-0.07
PT12,2e6,0.38,0.42,-0.03999999999999998
AT7,2e6,0.19,0.42,-0.22999999999999998
AB3,2e6,0.46,0.42,0.040000000000000036
PT13,2e6,0.41,0.42,-0.010000000000000009
AB7,2e6,0.41,0.42,-0.010000000000000009
TL5,2e6,0.45,0.42,0.030000000000000027
AT6,2e6,0.47,0.42,0.04999999999999999
PR3,2e6,0.45,0.42,0.030000000000000027
PR2,2e6,0.44,0.42,0.020000000000000018
AT3,2e6,0.48,0.42,0.06
TL14,2e6,0.47,0.42,0.04999999999999999
PR1,2e6,0.39,0.42,-0.02999999999999997
PB1,2e6,0.35,0.42,-0.07
PB6,2e6,0.46,0.42,0.040000000000000036
AL3,2e6,0.45,0.42,0.030000000000000027
AT2,2e6,0.47,0.42,0.04999999999999999
AR3,2e6,0.43,0.42,0.010000000000000009
PB3,2e6,0.43,0.42,0.010000000000000009
PR4,2e6,0.38,0.42,-0.03999999999999998
AB2,2e6,0.4,0.42,-0.019999999999999962
AT1,2e6,0.41,0.42,-0.010000000000000009
TB5,2e6,0.35,0.42,-0.07
AT5,2e6,0.46,0.42,0.040000000000000036
TB7,2e6,0.44,0.42,0.020000000000000018
PB9,2e6,0.5,0.42,0.08000000000000002
W,2e6,0.5,0.42,0.08000000000000002
GR1,25e5,0.44,0.42,0.020000000000000018
PT10,25e5,0.39,0.42,-0.02999999999999997
TL13,25e5,0.42,0.42,0
PT5,25e5,0.41,0.42,-0.010000000000000009
PB7,25e5,0.42,0.42,0
PT11,25e5,0.42,0.42,0
AR2,25e5,0.42,0.42,0
TR7,25e5,0.34,0.42,-0.07999999999999996
TR2,25e5,0.25,0.42,-0.16999999999999998
AR6,25e5,0.4,0.42,-0.019999999999999962
TR8,25e5,0.4,0.42,-0.019999999999999962
AB5,25e5,0.6,0.42,0.18
PB14,25e5,0.3,0.42,-0.12
AR7,25e5,0.41,0.42,-0.010000000000000009
TB6,25e5,0.45,0.42,0.030000000000000027
TL9,25e5,0.45,0.42,0.030000000000000027
PB8,25e5,0.42,0.42,0
PT3,25e5,0.42,0.42,0
TT7,25e5,0.5,0.42,0.08000000000000002
GB1,25e5,0.45,0.42,0.030000000000000027
GT1,25e5,0.46,0.42,0.040000000000000036
GL1,25e5,0.42,0.42,0
TL7,25e5,0.46,0.42,0.040000000000000036
AB6,25e5,0.4,0.42,-0.019999999999999962
AB4,25e5,0.35,0.42,-0.07
PT12,25e5,0.38,0.42,-0.03999999999999998
AT7,25e5,0.19,0.42,-0.22999999999999998
AB3,25e5,0.47,0.42,0.04999999999999999
PT13,25e5,0.41,0.42,-0.010000000000000009
AB7,25e5,0.41,0.42,-0.010000000000000009
TL5,25e5,0.45,0.42,0.030000000000000027
AT6,25e5,0.47,0.42,0.04999999999999999
PR3,25e5,0.45,0.42,0.030000000000000027
PR2,25e5,0.44,0.42,0.020000000000000018
AT3,25e5,0.48,0.42,0.06
TL14,25e5,0.47,0.42,0.04999999999999999
PR1,25e5,0.39,0.42,-0.02999999999999997
PB1,25e5,0.35,0.42,-0.07
PB6,25e5,0.47,0.42,0.04999999999999999
AL3,25e5,0.45,0.42,0.030000000000000027
AT2,25e5,0.47,0.42,0.04999999999999999
AR3,25e5,0.43,0.42,0.010000000000000009
PB3,25e5,0.43,0.42,0.010000000000000009
PR4,25e5,0.38,0.42,-0.03999999999999998
AB2,25e5,0.4,0.42,-0.019999999999999962
AT1,25e5,0.41,0.42,-0.010000000000000009
TB5,25e5,0.35,0.42,-0.07
AT5,25e5,0.46,0.42,0.040000000000000036
TB7,25e5,0.44,0.42,0.020000000000000018
PB9,25e5,0.5,0.42,0.08000000000000002
W,25e5,0.51,0.42,0.09000000000000002
GR1,27e5,0.45,0.42,0.030000000000000027
PT10,27e5,0.39,0.42,-0.02999999999999997
TL13,27e5,0.42,0.42,0
PT5,27e5,0.41,0.42,-0.010000000000000009
PB7,27e5,0.42,0.42,0
PT11,27e5,0.42,0.42,0
AR2,27e5,0.42,0.42,0
TR7,27e5,0.34,0.42,-0.07999999999999996
TR2,27e5,0.25,0.42,-0.16999999999999998
AR6,27e5,0.4,0.42,-0.019999999999999962
TR8,27e5,0.4,0.42,-0.019999999999999962
AB5,27e5,0.6,0.42,0.18
PB14,27e5,0.3,0.42,-0.12
AR7,27e5,0.41,0.42,-0.010000000000000009
TB6,27e5,0.45,0.42,0.030000000000000027
TL9,27e5,0.45,0.42,0.030000000000000027
PB8,27e5,0.42,0.42,0
PT3,27e5,0.42,0.42,0
TT7,27e5,0.5,0.42,0.08000000000000002
GB1,27e5,0.45,0.42,0.030000000000000027
GT1,27e5,0.46,0.42,0.040000000000000036
GL1,27e5,0.42,0.42,0
TL7,27e5,0.46,0.42,0.040000000000000036
AB6,27e5,0.4,0.42,-0.019999999999999962
AB4,27e5,0.35,0.42,-0.07
PT12,27e5,0.38,0.42,-0.03999999999999998
AT7,27e5,0.19,0.42,-0.22999999999999998
AB3,27e5,0.47,0.42,0.04999999999999999
PT13,27e5,0.41,0.42,-0.010000000000000009
AB7,27e5,0.41,0.42,-0.010000000000000009
TL5,27e5,0.45,0.42,0.030000000000000027
AT6,27e5,0.47,0.42,0.04999999999999999
PR3,27e5,0.45,0.42,0.030000000000000027
PR2,27e5,0.44,0.42,0.020000000000000018
AT3,27e5,0.48,0.42,0.06
TL14,27e5,0.47,0.42,0.04999999999999999
PR1,27e5,0.39,0.42,-0.02999999999999997
PB1,27e5,0.35,0.42,-0.07
PB6,27e5,0.47,0.42,0.04999999999999999
AL3,27e5,0.45,0.42,0.030000000000000027
AT2,27e5,0.47,0.42,0.04999999999999999
AR3,27e5,0.43,0.42,0.010000000000000009
PB3,27e5,0.43,0.42,0.010000000000000009
PR4,27e5,0.38,0.42,-0.03999999999999998
AB2,27e5,0.4,0.42,-0.019999999999999962
AT1,27e5,0.41,0.42,-0.010000000000000009
TB5,27e5,0.35,0.42,-0.07
AT5,27e5,0.46,0.42,0.040000000000000036
TB7,27e5,0.44,0.42,0.020000000000000018
PB9,27e5,0.5,0.42,0.08000000000000002
W,27e5,0.51,0.42,0.09000000000000002
GR1,35e5,0.47,0.42,0.04999999999999999
PT10,35e5,0.39,0.42,-0.02999999999999997
TL13,35e5,0.42,0.42,0
PT5,35e5,0.41,0.42,-0.010000000000000009
PB7,35e5,0.42,0.42,0
PT11,35e5,0.42,0.42,0
AR2,35e5,0.42,0.42,0
TR7,35e5,0.34,0.42,-0.07999999999999996
TR2,35e5,0.25,0.42,-0.16999999999999998
AR6,35e5,0.4,0.42,-0.019999999999999962
TR8,35e5,0.4,0.42,-0.019999999999999962
AB5,35e5,0.6,0.42,0.18
PB14,35e5,0.3,0.42,-0.12
AR7,35e5,0.41,0.42,-0.010000000000000009
TB6,35e5,0.45,0.42,0.030000000000000027
TL9,35e5,0.45,0.42,0.030000000000000027
PB8,35e5,0.42,0.42,0
PT3,35e5,0.42,0.42,0
TT7,35e5,0.5,0.42,0.08000000000000002
GB1,35e5,0.46,0.42,0.040000000000000036
GT1,35e5,0.46,0.42,0.040000000000000036
GL1,35e5,0.43,0.42,0.010000000000000009
TL7,35e5,0.46,0.42,0.040000000000000036
AB6,35e5,0.4,0.42,-0.019999999999999962
AB4,35e5,0.35,0.42,-0.07
PT12,35e5,0.38,0.42,-0.03999999999999998
AT7,35e5,0.19,0.42,-0.22999999999999998
AB3,35e5,0.48,0.42,0.06
PT13,35e5,0.41,0.42,-0.010000000000000009
AB7,35e5,0.41,0.42,-0.010000000000000009
TL5,35e5,0.45,0.42,0.030000000000000027
AT6,35e5,0.47,0.42,0.04999999999999999
PR3,35e5,0.45,0.42,0.030000000000000027
PR2,35e5,0.44,0.42,0.020000000000000018
AT3,35e5,0.48,0.42,0.06
TL14,35e5,0.47,0.42,0.04999999999999999
PR1,35e5,0.39,0.42,-0.02999999999999997
PB1,35e5,0.35,0.42,-0.07
PB6,35e5,0.47,0.42,0.04999999999999999
AL3,35e5,0.46,0.42,0.040000000000000036
AT2,35e5,0.47,0.42,0.04999999999999999
AR3,35e5,0.43,0.42,0.010000000000000009
PB3,35e5,0.43,0.42,0.010000000000000009
PR4,35e5,0.38,0.42,-0.03999999999999998
AB2,35e5,0.4,0.42,-0.019999999999999962
AT1,35e5,0.41,0.42,-0.010000000000000009
TB5,35e5,0.35,0.42,-0.07
AT5,35e5,0.46,0.42,0.040000000000000036
TB7,35e5,0.44,0.42,0.020000000000000018
PB9,35e5,0.5,0.42,0.08000000000000002
W,35e5,0.53,0.42,0.11000000000000004
GR1,5e6,0.5,0.42,0.08000000000000002
PT10,5e6,0.39,0.42,-0.02999999999999997
TL13,5e6,0.42,0.42,0
PT5,5e6,0.41,0.42,-0.010000000000000009
PB7,5e6,0.42,0.42,0
PT11,5e6,0.42,0.42,0
AR2,5e6,0.42,0.42,0
TR7,5e6,0.34,0.42,-0.07999999999999996
TR2,5e6,0.25,0.42,-0.16999999999999998
AR6,5e6,0.4,0.42,-0.019999999999999962
TR8,5e6,0.4,0.42,-0.019999999999999962
AB5,5e6,0.6,0.42,0.18
PB14,5e6,0.3,0.42,-0.12
AR7,5e6,0.41,0.42,-0.010000000000000009
TB6,5e6,0.45,0.42,0.030000000000000027
TL9,5e6,0.45,0.42,0.030000000000000027
PB8,5e6,0.42,0.42,0
PT3,5e6,0.42,0.42,0
TT7,5e6,0.5,0.42,0.08000000000000002
GB1,5e6,0.47,0.42,0.04999999999999999
GT1,5e6,0.46,0.42,0.040000000000000036
GL1,5e6,0.44,0.42,0.020000000000000018
TL7,5e6,0.46,0.42,0.040000000000000036
AB6,5e6,0.4,0.42,-0.019999999999999962
AB4,5e6,0.35,0.42,-0.07
PT12,5e6,0.38,0.42,-0.03999999999999998
AT7,5e6,0.19,0.42,-0.22999999999999998
AB3,5e6,0.5,0.42,0.08000000000000002
PT13,5e6,0.41,0.42,-0.010000000000000009
AB7,5e6,0.41,0.42,-0.010000000000000009
TL5,5e6,0.45,0.42,0.030000000000000027
AT6,5e6,0.47,0.42,0.04999999999999999
PR3,5e6,0.45,0.42,0.030000000000000027
PR2,5e6,0.44,0.42,0.020000000000000018
AT3,5e6,0.48,0.42,0.06
TL14,5e6,0.47,0.42,0.04999999999999999
PR1,5e6,0.39,0.42,-0.02999999999999997
PB1,5e6,0.35,0.42,-0.07
PB6,5e6,0.47,0.42,0.04999999999999999
AL3,5e6,0.46,0.42,0.040000000000000036
AT2,5e6,0.47,0.42,0.04999999999999999
AR3,5e6,0.43,0.42,0.010000000000000009
PB3,5e6,0.43,0.42,0.010000000000000009
PR4,5e6,0.38,0.42,-0.03999999999999998
AB2,5e6,0.4,0.42,-0.019999999999999962
AT1,5e6,0.41,0.42,-0.010000000000000009
TB5,5e6,0.35,0.42,-0.07
AT5,5e6,0.46,0.42,0.040000000000000036
TB7,5e6,0.44,0.42,0.020000000000000018
PB9,5e6,0.5,0.42,0.08000000000000002
W,5e6,0.56,0.42,0.14000000000000007
